date,round,cup,length.mm,tag,group,time,status,notes
20261004,round1,1,95,49,Effort A Treated,0,0,
20261004,round1,2,109,49,Effort A Treated,0,0,
20261004,round1,3,109,49,Effort A Treated,0,0,
20261004,round1,4,92,49,Effort A Treated,0,0,
20261004,round1,5,87,49,Effort A Treated,0,0,
20261004,round1,6,93,49,Effort A Treated,0,0,
20261004,round1,7,121,49,Effort A Treated,0,0,
20261004,round1,8,84,49,Effort A Treated,0,0,
20261004,round1,9,92,49,Effort A Treated,0,0,
20261004,round1,10,111,49,Effort A Treated,0,0,
20261004,round1,11,87,49,Effort A Treated,0,0,
20261004,round1,12,112,49,Effort A Treated,0,0,
20261004,round1,13,116,49,Effort A Treated,0,0,
20261004,round1,14,119,49,Effort A Treated,0,0,
20261004,round1,15,119,49,Effort A Treated,0,0,
20261004,round1,16,100,49,Effort A Treated,0,0,
20261004,round1,17,92,49,Effort A Treated,0,0,
20261004,round1,18,109,49,Effort A Treated,0,0,
20261004,round1,19,110,49,Effort A Treated,0,0,
20261004,round1,20,97,49,Effort A Treated,0,0,
20261004,round1,21,117,49,Effort A Treated,0,0,
20261004,round1,22,96,49,Effort A Treated,0,0,
20261004,round1,23,90,49,Effort A Treated,0,0,
20261004,round1,24,106,49,Effort A Treated,0,0,
20261004,round1,25,108,49,Effort A Treated,0,0,
20261004,round1,26,89,49,Effort A Treated,0,0,
20261004,round1,27,99,49,Effort A Treated,0,0,
20261004,round1,28,88,49,Effort A Treated,0,0,
20261004,round1,29,98,49,Effort A Treated,0,0,
20261004,round1,30,101,49,Effort A Treated,0,0,
20261004,round1,31,97,49,Effort A Treated,0,0,
20261004,round1,32,135,49,Effort A Treated,0,0,
20261004,round1,33,87,49,Effort A Treated,0,0,
20261004,round1,34,105,49,Effort A Treated,0,0,
20261004,round1,35,96,49,Effort A Treated,0,0,
20261004,round1,36,86,49,Effort A Treated,0,0,
20261004,round1,37,96,49,Effort A Treated,0,0,
20261004,round1,38,101,50,Effort A Control,0,0,
20261004,round1,39,95,50,Effort A Control,0,0,
20261004,round1,40,98,50,Effort A Control,0,0,
20261004,round1,41,115,50,Effort A Control,0,0,
20261004,round1,42,80,50,Effort A Control,0,0,
20261004,round1,43,107,50,Effort A Control,0,0,
20261004,round1,44,115,50,Effort A Control,0,0,
20261004,round1,45,99,50,Effort A Control,0,0,
20261004,round1,46,111,50,Effort A Control,0,0,
20261004,round1,47,104,50,Effort A Control,0,0,
20261004,round1,48,105,50,Effort A Control,0,0,
20261004,round1,49,100,50,Effort A Control,0,0,
20261004,round1,50,90,50,Effort A Control,0,0,
20261004,round1,51,76,50,Effort A Control,0,0,
20261004,round1,52,109,50,Effort A Control,0,0,
20261004,round1,53,88,50,Effort A Control,0,0,
20261004,round1,54,124,50,Effort A Control,0,0,
20261004,round1,55,82,50,Effort A Control,0,0,
20261004,round1,56,131,50,Effort A Control,0,0,
20261004,round1,57,114,50,Effort A Control,0,0,
20261004,round1,58,98,50,Effort A Control,0,0,
20261004,round1,59,120,50,Effort A Control,0,0,
20261004,round1,60,110,50,Effort A Control,0,0,
20261004,round1,61,110,50,Effort A Control,0,0,
20261004,round1,62,97,50,Effort A Control,0,0,
20261004,round1,63,101,50,Effort A Control,0,0,
20261004,round1,64,123,50,Effort A Control,0,0,
20261004,round1,65,88,50,Effort A Control,0,0,
20261004,round1,66,114,50,Effort A Control,0,0,
20261004,round1,67,98,50,Effort A Control,0,0,
20261004,round1,68,99,50,Effort A Control,0,0,
20261004,round1,69,96,50,Effort A Control,0,0,
20261004,round1,70,97,50,Effort A Control,0,0,
20261004,round1,71,99,50,Effort A Control,0,0,
20261004,round1,72,107,50,Effort A Control,0,0,
20261004,round1,73,103,50,Effort A Control,0,0,
20261004,round1,74,106,50,Effort A Control,0,0,
20261004,round1,75,105,50,Effort A Control,0,0,
20261004,round1,1,95,49,Effort A Treated,5,0,
20261004,round1,2,109,49,Effort A Treated,5,0,
20261004,round1,3,109,49,Effort A Treated,5,0,
20261004,round1,4,92,49,Effort A Treated,5,0,
20261004,round1,5,87,49,Effort A Treated,5,0,
20261004,round1,6,93,49,Effort A Treated,5,0,
20261004,round1,7,121,49,Effort A Treated,5,0,
20261004,round1,8,84,49,Effort A Treated,5,0,
20261004,round1,9,92,49,Effort A Treated,5,0,
20261004,round1,10,111,49,Effort A Treated,5,0,
20261004,round1,11,87,49,Effort A Treated,5,0,
20261004,round1,12,112,49,Effort A Treated,5,0,
20261004,round1,13,116,49,Effort A Treated,5,0,
20261004,round1,14,119,49,Effort A Treated,5,0,
20261004,round1,15,119,49,Effort A Treated,5,0,
20261004,round1,16,100,49,Effort A Treated,5,0,
20261004,round1,17,92,49,Effort A Treated,5,0,
20261004,round1,18,109,49,Effort A Treated,5,0,
20261004,round1,19,110,49,Effort A Treated,5,0,
20261004,round1,20,97,49,Effort A Treated,5,0,
20261004,round1,21,117,49,Effort A Treated,5,0,
20261004,round1,22,96,49,Effort A Treated,5,0,
20261004,round1,23,90,49,Effort A Treated,5,0,
20261004,round1,24,106,49,Effort A Treated,5,0,
20261004,round1,25,108,49,Effort A Treated,5,0,
20261004,round1,26,89,49,Effort A Treated,5,0,
20261004,round1,27,99,49,Effort A Treated,5,0,
20261004,round1,28,88,49,Effort A Treated,5,0,
20261004,round1,29,98,49,Effort A Treated,5,0,
20261004,round1,30,101,49,Effort A Treated,5,0,
20261004,round1,31,97,49,Effort A Treated,5,0,
20261004,round1,32,135,49,Effort A Treated,5,0,
20261004,round1,33,87,49,Effort A Treated,5,0,
20261004,round1,34,105,49,Effort A Treated,5,0,
20261004,round1,35,96,49,Effort A Treated,5,0,
20261004,round1,36,86,49,Effort A Treated,5,0,
20261004,round1,37,96,49,Effort A Treated,5,0,
20261004,round1,38,101,50,Effort A Control,5,0,
20261004,round1,39,95,50,Effort A Control,5,0,
20261004,round1,40,98,50,Effort A Control,5,0,
20261004,round1,41,115,50,Effort A Control,5,0,
20261004,round1,42,80,50,Effort A Control,5,0,
20261004,round1,43,107,50,Effort A Control,5,0,
20261004,round1,44,115,50,Effort A Control,5,0,
20261004,round1,45,99,50,Effort A Control,5,0,
20261004,round1,46,111,50,Effort A Control,5,0,
20261004,round1,47,104,50,Effort A Control,5,0,
20261004,round1,48,105,50,Effort A Control,5,0,
20261004,round1,49,100,50,Effort A Control,5,0,
20261004,round1,50,90,50,Effort A Control,5,0,
20261004,round1,51,76,50,Effort A Control,5,0,
20261004,round1,52,109,50,Effort A Control,5,0,
20261004,round1,53,88,50,Effort A Control,5,0,
20261004,round1,54,124,50,Effort A Control,5,0,
20261004,round1,55,82,50,Effort A Control,5,0,
20261004,round1,56,131,50,Effort A Control,5,0,
20261004,round1,57,114,50,Effort A Control,5,0,
20261004,round1,58,98,50,Effort A Control,5,0,
20261004,round1,59,120,50,Effort A Control,5,0,
20261004,round1,60,110,50,Effort A Control,5,0,
20261004,round1,61,110,50,Effort A Control,5,0,
20261004,round1,62,97,50,Effort A Control,5,0,
20261004,round1,63,101,50,Effort A Control,5,0,
20261004,round1,64,123,50,Effort A Control,5,0,
20261004,round1,65,88,50,Effort A Control,5,0,
20261004,round1,66,114,50,Effort A Control,5,0,
20261004,round1,67,98,50,Effort A Control,5,0,
20261004,round1,68,99,50,Effort A Control,5,0,
20261004,round1,69,96,50,Effort A Control,5,0,
20261004,round1,70,97,50,Effort A Control,5,0,
20261004,round1,71,99,50,Effort A Control,5,0,
20261004,round1,72,107,50,Effort A Control,5,0,
20261004,round1,73,103,50,Effort A Control,5,0,
20261004,round1,74,106,50,Effort A Control,5,0,
20261004,round1,75,105,50,Effort A Control,5,0,
20261004,round1,1,95,49,Effort A Treated,24,0,
20261005,round1,2,109,49,Effort A Treated,24,0,
20261005,round1,3,109,49,Effort A Treated,24,0,
20261005,round1,4,92,49,Effort A Treated,24,0,
20261005,round1,5,87,49,Effort A Treated,24,0,
20261005,round1,6,93,49,Effort A Treated,24,0,
20261005,round1,7,121,49,Effort A Treated,24,0,
20261005,round1,8,84,49,Effort A Treated,24,0,
20261005,round1,9,92,49,Effort A Treated,24,0,
20261005,round1,10,111,49,Effort A Treated,24,0,
20261005,round1,11,87,49,Effort A Treated,24,0,
20261005,round1,12,112,49,Effort A Treated,24,0,
20261005,round1,13,116,49,Effort A Treated,24,0,
20261005,round1,14,119,49,Effort A Treated,24,0,
20261005,round1,15,119,49,Effort A Treated,24,0,
20261005,round1,16,100,49,Effort A Treated,24,0,
20261005,round1,17,92,49,Effort A Treated,24,0,
20261005,round1,18,109,49,Effort A Treated,24,0,
20261005,round1,19,110,49,Effort A Treated,24,0,
20261005,round1,20,97,49,Effort A Treated,24,0,
20261005,round1,21,117,49,Effort A Treated,24,0,
20261005,round1,22,96,49,Effort A Treated,24,0,
20261005,round1,23,90,49,Effort A Treated,24,0,
20261005,round1,24,106,49,Effort A Treated,24,0,
20261005,round1,25,108,49,Effort A Treated,24,0,
20261005,round1,26,89,49,Effort A Treated,24,0,
20261005,round1,27,99,49,Effort A Treated,24,0,
20261005,round1,28,88,49,Effort A Treated,24,0,
20261005,round1,29,98,49,Effort A Treated,24,0,
20261005,round1,30,101,49,Effort A Treated,24,0,
20261005,round1,31,97,49,Effort A Treated,24,0,
20261005,round1,32,135,49,Effort A Treated,24,0,
20261005,round1,33,87,49,Effort A Treated,24,0,
20261005,round1,34,105,49,Effort A Treated,24,0,
20261005,round1,35,96,49,Effort A Treated,24,0,
20261005,round1,36,86,49,Effort A Treated,24,0,
20261005,round1,37,96,49,Effort A Treated,24,0,
20261005,round1,38,101,50,Effort A Control,24,0,
20261005,round1,39,95,50,Effort A Control,24,0,
20261005,round1,40,98,50,Effort A Control,24,0,
20261005,round1,41,115,50,Effort A Control,24,0,
20261005,round1,42,80,50,Effort A Control,24,0,
20261005,round1,43,107,50,Effort A Control,24,0,
20261005,round1,44,115,50,Effort A Control,24,0,
20261005,round1,45,99,50,Effort A Control,24,0,
20261005,round1,46,111,50,Effort A Control,24,0,
20261005,round1,47,104,50,Effort A Control,24,0,
20261005,round1,48,105,50,Effort A Control,24,0,
20261005,round1,49,100,50,Effort A Control,24,0,
20261005,round1,50,90,50,Effort A Control,24,0,
20261005,round1,51,76,50,Effort A Control,24,0,
20261005,round1,52,109,50,Effort A Control,24,0,
20261005,round1,53,88,50,Effort A Control,24,0,
20261005,round1,54,124,50,Effort A Control,24,0,
20261005,round1,55,82,50,Effort A Control,24,0,
20261005,round1,56,131,50,Effort A Control,24,0,
20261005,round1,57,114,50,Effort A Control,24,0,
20261005,round1,58,98,50,Effort A Control,24,0,
20261005,round1,59,120,50,Effort A Control,24,0,
20261005,round1,60,110,50,Effort A Control,24,0,
20261005,round1,61,110,50,Effort A Control,24,0,
20261005,round1,62,97,50,Effort A Control,24,0,
20261005,round1,63,101,50,Effort A Control,24,0,
20261005,round1,64,123,50,Effort A Control,24,1,
20261005,round1,65,88,50,Effort A Control,24,0,
20261005,round1,66,114,50,Effort A Control,24,0,
20261005,round1,67,98,50,Effort A Control,24,0,
20261005,round1,68,99,50,Effort A Control,24,0,
20261005,round1,69,96,50,Effort A Control,24,0,
20261005,round1,70,97,50,Effort A Control,24,1,
20261005,round1,71,99,50,Effort A Control,24,0,
20261005,round1,72,107,50,Effort A Control,24,1,
20261005,round1,73,103,50,Effort A Control,24,0,
20261005,round1,74,106,50,Effort A Control,24,0,
20261005,round1,75,105,50,Effort A Control,24,0,
20261005,round1,1,95,49,Effort A Treated,27,0,
20261005,round1,2,109,49,Effort A Treated,27,0,
20261005,round1,3,109,49,Effort A Treated,27,0,
20261005,round1,4,92,49,Effort A Treated,27,0,
20261005,round1,5,87,49,Effort A Treated,27,0,
20261005,round1,6,93,49,Effort A Treated,27,0,
20261005,round1,7,121,49,Effort A Treated,27,0,
20261005,round1,8,84,49,Effort A Treated,27,0,
20261005,round1,9,92,49,Effort A Treated,27,0,
20261005,round1,10,111,49,Effort A Treated,27,0,
20261005,round1,11,87,49,Effort A Treated,27,0,
20261005,round1,12,112,49,Effort A Treated,27,0,
20261005,round1,13,116,49,Effort A Treated,27,0,
20261005,round1,14,119,49,Effort A Treated,27,0,
20261005,round1,15,119,49,Effort A Treated,27,0,
20261005,round1,16,100,49,Effort A Treated,27,0,
20261005,round1,17,92,49,Effort A Treated,27,0,
20261005,round1,18,109,49,Effort A Treated,27,0,
20261005,round1,19,110,49,Effort A Treated,27,0,
20261005,round1,20,97,49,Effort A Treated,27,0,
20261005,round1,21,117,49,Effort A Treated,27,0,
20261005,round1,22,96,49,Effort A Treated,27,0,
20261005,round1,23,90,49,Effort A Treated,27,0,
20261005,round1,24,106,49,Effort A Treated,27,0,
20261005,round1,25,108,49,Effort A Treated,27,0,
20261005,round1,26,89,49,Effort A Treated,27,0,
20261005,round1,27,99,49,Effort A Treated,27,0,
20261005,round1,28,88,49,Effort A Treated,27,0,
20261005,round1,29,98,49,Effort A Treated,27,0,
20261005,round1,30,101,49,Effort A Treated,27,0,
20261005,round1,31,97,49,Effort A Treated,27,0,
20261005,round1,32,135,49,Effort A Treated,27,0,
20261005,round1,33,87,49,Effort A Treated,27,0,
20261005,round1,34,105,49,Effort A Treated,27,0,
20261005,round1,35,96,49,Effort A Treated,27,0,
20261005,round1,36,86,49,Effort A Treated,27,0,
20261005,round1,37,96,49,Effort A Treated,27,0,
20261005,round1,38,101,50,Effort A Control,27,0,
20261005,round1,39,95,50,Effort A Control,27,0,
20261005,round1,40,98,50,Effort A Control,27,0,
20261005,round1,41,115,50,Effort A Control,27,0,
20261005,round1,42,80,50,Effort A Control,27,0,
20261005,round1,43,107,50,Effort A Control,27,0,
20261005,round1,44,115,50,Effort A Control,27,0,
20261005,round1,45,99,50,Effort A Control,27,0,
20261005,round1,46,111,50,Effort A Control,27,0,
20261005,round1,47,104,50,Effort A Control,27,0,
20261005,round1,48,105,50,Effort A Control,27,0,
20261005,round1,49,100,50,Effort A Control,27,0,
20261005,round1,50,90,50,Effort A Control,27,0,
20261005,round1,51,76,50,Effort A Control,27,0,
20261005,round1,52,109,50,Effort A Control,27,0,
20261005,round1,53,88,50,Effort A Control,27,0,
20261005,round1,54,124,50,Effort A Control,27,0,
20261005,round1,55,82,50,Effort A Control,27,0,
20261005,round1,56,131,50,Effort A Control,27,0,
20261005,round1,57,114,50,Effort A Control,27,0,
20261005,round1,58,98,50,Effort A Control,27,0,
20261005,round1,59,120,50,Effort A Control,27,0,
20261005,round1,60,110,50,Effort A Control,27,0,
20261005,round1,61,110,50,Effort A Control,27,0,
20261005,round1,62,97,50,Effort A Control,27,0,
20261005,round1,63,101,50,Effort A Control,27,0,
20261005,round1,64,123,50,Effort A Control,27,1,
20261005,round1,65,88,50,Effort A Control,27,0,
20261005,round1,66,114,50,Effort A Control,27,0,
20261005,round1,67,98,50,Effort A Control,27,0,
20261005,round1,68,99,50,Effort A Control,27,0,
20261005,round1,69,96,50,Effort A Control,27,0,
20261005,round1,70,97,50,Effort A Control,27,1,
20261005,round1,71,99,50,Effort A Control,27,0,
20261005,round1,72,107,50,Effort A Control,27,1,
20261005,round1,73,103,50,Effort A Control,27,0,
20261005,round1,74,106,50,Effort A Control,27,0,
20261005,round1,75,105,50,Effort A Control,27,0,
20261006,round1,1,95,49,Effort A Treated,46,0,
20261006,round1,2,109,49,Effort A Treated,46,1,
20261006,round1,3,109,49,Effort A Treated,46,1,
20261006,round1,4,92,49,Effort A Treated,46,0,
20261006,round1,5,87,49,Effort A Treated,46,0,
20261006,round1,6,93,49,Effort A Treated,46,1,
20261006,round1,7,121,49,Effort A Treated,46,0,
20261006,round1,8,84,49,Effort A Treated,46,1,
20261006,round1,9,92,49,Effort A Treated,46,0,
20261006,round1,10,111,49,Effort A Treated,46,0,
20261006,round1,11,87,49,Effort A Treated,46,0,
20261006,round1,12,112,49,Effort A Treated,46,0,
20261006,round1,13,116,49,Effort A Treated,46,1,
20261006,round1,14,119,49,Effort A Treated,46,0,
20261006,round1,15,119,49,Effort A Treated,46,0,
20261006,round1,16,100,49,Effort A Treated,46,0,
20261006,round1,17,92,49,Effort A Treated,46,1,
20261006,round1,18,109,49,Effort A Treated,46,0,
20261006,round1,19,110,49,Effort A Treated,46,1,
20261006,round1,20,97,49,Effort A Treated,46,0,
20261006,round1,21,117,49,Effort A Treated,46,1,
20261006,round1,22,96,49,Effort A Treated,46,0,
20261006,round1,23,90,49,Effort A Treated,46,0,
20261006,round1,24,106,49,Effort A Treated,46,0,
20261006,round1,25,108,49,Effort A Treated,46,0,
20261006,round1,26,89,49,Effort A Treated,46,1,
20261006,round1,27,99,49,Effort A Treated,46,0,
20261006,round1,28,88,49,Effort A Treated,46,1,
20261006,round1,29,98,49,Effort A Treated,46,0,
20261006,round1,30,101,49,Effort A Treated,46,1,
20261006,round1,31,97,49,Effort A Treated,46,0,
20261006,round1,32,135,49,Effort A Treated,46,0,
20261006,round1,33,87,49,Effort A Treated,46,0,
20261006,round1,34,105,49,Effort A Treated,46,0,
20261006,round1,35,96,49,Effort A Treated,46,0,
20261006,round1,36,86,49,Effort A Treated,46,0,
20261006,round1,37,96,49,Effort A Treated,46,0,
20261006,round1,38,101,50,Effort A Control,46,0,
20261006,round1,39,95,50,Effort A Control,46,0,
20261006,round1,40,98,50,Effort A Control,46,0,
20261006,round1,41,115,50,Effort A Control,46,0,
20261006,round1,42,80,50,Effort A Control,46,1,
20261006,round1,43,107,50,Effort A Control,46,0,
20261006,round1,44,115,50,Effort A Control,46,0,
20261006,round1,45,99,50,Effort A Control,46,0,
20261006,round1,46,111,50,Effort A Control,46,0,
20261006,round1,47,104,50,Effort A Control,46,0,
20261006,round1,48,105,50,Effort A Control,46,1,
20261006,round1,49,100,50,Effort A Control,46,0,
20261006,round1,50,90,50,Effort A Control,46,1,
20261006,round1,51,76,50,Effort A Control,46,0,
20261006,round1,52,109,50,Effort A Control,46,1,
20261006,round1,53,88,50,Effort A Control,46,0,
20261006,round1,54,124,50,Effort A Control,46,1,
20261006,round1,55,82,50,Effort A Control,46,0,
20261006,round1,56,131,50,Effort A Control,46,0,
20261006,round1,57,114,50,Effort A Control,46,0,
20261006,round1,58,98,50,Effort A Control,46,1,
20261006,round1,59,120,50,Effort A Control,46,0,
20261006,round1,60,110,50,Effort A Control,46,1,
20261006,round1,61,110,50,Effort A Control,46,0,
20261006,round1,62,97,50,Effort A Control,46,1,
20261006,round1,63,101,50,Effort A Control,46,0,
20261006,round1,64,123,50,Effort A Control,46,0,
20261006,round1,65,88,50,Effort A Control,46,0,
20261006,round1,66,114,50,Effort A Control,46,0,
20261006,round1,67,98,50,Effort A Control,46,1,
20261006,round1,68,99,50,Effort A Control,46,0,
20261006,round1,69,96,50,Effort A Control,46,0,
20261006,round1,70,97,50,Effort A Control,46,0,
20261006,round1,71,99,50,Effort A Control,46,1,
20261006,round1,72,107,50,Effort A Control,46,0,
20261006,round1,73,103,50,Effort A Control,46,0,
20261006,round1,74,106,50,Effort A Control,46,1,
20261006,round1,75,105,50,Effort A Control,46,0,
20261006,round1,1,95,49,Effort A Treated,51,0,
20261006,round1,2,109,49,Effort A Treated,51,1,
20261006,round1,3,109,49,Effort A Treated,51,1,
20261006,round1,4,92,49,Effort A Treated,51,0,
20261006,round1,5,87,49,Effort A Treated,51,0,
20261006,round1,6,93,49,Effort A Treated,51,1,
20261006,round1,7,121,49,Effort A Treated,51,0,
20261006,round1,8,84,49,Effort A Treated,51,1,
20261006,round1,9,92,49,Effort A Treated,51,0,
20261006,round1,10,111,49,Effort A Treated,51,0,
20261006,round1,11,87,49,Effort A Treated,51,0,
20261006,round1,12,112,49,Effort A Treated,51,0,
20261006,round1,13,116,49,Effort A Treated,51,1,
20261006,round1,14,119,49,Effort A Treated,51,0,
20261006,round1,15,119,49,Effort A Treated,51,0,
20261006,round1,16,100,49,Effort A Treated,51,0,
20261006,round1,17,92,49,Effort A Treated,51,1,
20261006,round1,18,109,49,Effort A Treated,51,0,
20261006,round1,19,110,49,Effort A Treated,51,1,
20261006,round1,20,97,49,Effort A Treated,51,0,
20261006,round1,21,117,49,Effort A Treated,51,1,
20261006,round1,22,96,49,Effort A Treated,51,0,
20261006,round1,23,90,49,Effort A Treated,51,0,
20261006,round1,24,106,49,Effort A Treated,51,0,
20261006,round1,25,108,49,Effort A Treated,51,0,
20261006,round1,26,89,49,Effort A Treated,51,1,
20261006,round1,27,99,49,Effort A Treated,51,0,
20261006,round1,28,88,49,Effort A Treated,51,1,
20261006,round1,29,98,49,Effort A Treated,51,0,
20261006,round1,30,101,49,Effort A Treated,51,1,
20261006,round1,31,97,49,Effort A Treated,51,0,
20261006,round1,32,135,49,Effort A Treated,51,0,
20261006,round1,33,87,49,Effort A Treated,51,0,
20261006,round1,34,105,49,Effort A Treated,51,0,
20261006,round1,35,96,49,Effort A Treated,51,0,
20261006,round1,36,86,49,Effort A Treated,51,0,
20261006,round1,37,96,49,Effort A Treated,51,0,
20261006,round1,38,101,50,Effort A Control,51,0,
20261006,round1,39,95,50,Effort A Control,51,0,
20261006,round1,40,98,50,Effort A Control,51,0,
20261006,round1,41,115,50,Effort A Control,51,0,
20261006,round1,42,80,50,Effort A Control,51,1,
20261006,round1,43,107,50,Effort A Control,51,0,
20261006,round1,44,115,50,Effort A Control,51,0,
20261006,round1,45,99,50,Effort A Control,51,0,
20261006,round1,46,111,50,Effort A Control,51,0,
20261006,round1,47,104,50,Effort A Control,51,0,
20261006,round1,48,105,50,Effort A Control,51,1,
20261006,round1,49,100,50,Effort A Control,51,0,
20261006,round1,50,90,50,Effort A Control,51,1,
20261006,round1,51,76,50,Effort A Control,51,0,
20261006,round1,52,109,50,Effort A Control,51,1,
20261006,round1,53,88,50,Effort A Control,51,0,
20261006,round1,54,124,50,Effort A Control,51,1,
20261006,round1,55,82,50,Effort A Control,51,0,
20261006,round1,56,131,50,Effort A Control,51,0,
20261006,round1,57,114,50,Effort A Control,51,0,
20261006,round1,58,98,50,Effort A Control,51,1,
20261006,round1,59,120,50,Effort A Control,51,0,
20261006,round1,60,110,50,Effort A Control,51,1,
20261006,round1,61,110,50,Effort A Control,51,0,
20261006,round1,62,97,50,Effort A Control,51,1,
20261006,round1,63,101,50,Effort A Control,51,0,
20261006,round1,64,123,50,Effort A Control,51,0,
20261006,round1,65,88,50,Effort A Control,51,0,
20261006,round1,66,114,50,Effort A Control,51,0,
20261006,round1,67,98,50,Effort A Control,51,1,
20261006,round1,68,99,50,Effort A Control,51,0,
20261006,round1,69,96,50,Effort A Control,51,0,
20261006,round1,70,97,50,Effort A Control,51,0,
20261006,round1,71,99,50,Effort A Control,51,1,
20261006,round1,72,107,50,Effort A Control,51,0,
20261006,round1,73,103,50,Effort A Control,51,0,
20261006,round1,74,106,50,Effort A Control,51,1,
20261006,round1,75,105,50,Effort A Control,51,0,
20261007,round1,1,95,49,Effort A Treated,72,1,
20261007,round1,2,109,49,Effort A Treated,72,1,
20261007,round1,3,109,49,Effort A Treated,72,1,
20261007,round1,4,92,49,Effort A Treated,72,1,
20261007,round1,5,87,49,Effort A Treated,72,1,
20261007,round1,6,93,49,Effort A Treated,72,1,
20261007,round1,7,121,49,Effort A Treated,72,1,
20261007,round1,8,84,49,Effort A Treated,72,1,
20261007,round1,9,92,49,Effort A Treated,72,1,
20261007,round1,10,111,49,Effort A Treated,72,1,
20261007,round1,11,87,49,Effort A Treated,72,0,
20261007,round1,12,112,49,Effort A Treated,72,1,
20261007,round1,13,116,49,Effort A Treated,72,1,
20261007,round1,14,119,49,Effort A Treated,72,0,
20261007,round1,15,119,49,Effort A Treated,72,1,
20261007,round1,16,100,49,Effort A Treated,72,1,
20261007,round1,17,92,49,Effort A Treated,72,1,
20261007,round1,18,109,49,Effort A Treated,72,1,
20261007,round1,19,110,49,Effort A Treated,72,1,
20261007,round1,20,97,49,Effort A Treated,72,1,
20261007,round1,21,117,49,Effort A Treated,72,1,
20261007,round1,22,96,49,Effort A Treated,72,1,
20261007,round1,23,90,49,Effort A Treated,72,1,
20261007,round1,24,106,49,Effort A Treated,72,1,
20261007,round1,25,108,49,Effort A Treated,72,1,
20261007,round1,26,89,49,Effort A Treated,72,1,
20261007,round1,27,99,49,Effort A Treated,72,1,
20261007,round1,28,88,49,Effort A Treated,72,1,
20261007,round1,29,98,49,Effort A Treated,72,1,
20261007,round1,30,101,49,Effort A Treated,72,1,
20261007,round1,31,97,49,Effort A Treated,72,1,
20261007,round1,32,135,49,Effort A Treated,72,0,
20261007,round1,33,87,49,Effort A Treated,72,0,
20261007,round1,34,105,49,Effort A Treated,72,1,
20261007,round1,35,96,49,Effort A Treated,72,0,
20261007,round1,36,86,49,Effort A Treated,72,0,
20261007,round1,37,96,49,Effort A Treated,72,0,
20261007,round1,38,101,50,Effort A Control,72,1,
20261007,round1,39,95,50,Effort A Control,72,1,
20261007,round1,40,98,50,Effort A Control,72,1,
20261007,round1,41,115,50,Effort A Control,72,0,
20261007,round1,42,80,50,Effort A Control,72,1,
20261007,round1,43,107,50,Effort A Control,72,1,
20261007,round1,44,115,50,Effort A Control,72,1,
20261007,round1,45,99,50,Effort A Control,72,1,
20261007,round1,46,111,50,Effort A Control,72,1,
20261007,round1,47,104,50,Effort A Control,72,1,
20261007,round1,48,105,50,Effort A Control,72,1,
20261007,round1,49,100,50,Effort A Control,72,1,
20261007,round1,50,90,50,Effort A Control,72,1,
20261007,round1,51,76,50,Effort A Control,72,1,
20261007,round1,52,109,50,Effort A Control,72,1,
20261007,round1,53,88,50,Effort A Control,72,0,
20261007,round1,54,124,50,Effort A Control,72,1,
20261007,round1,55,82,50,Effort A Control,72,1,
20261007,round1,56,131,50,Effort A Control,72,1,
20261007,round1,57,114,50,Effort A Control,72,0,
20261007,round1,58,98,50,Effort A Control,72,1,
20261007,round1,59,120,50,Effort A Control,72,1,
20261007,round1,60,110,50,Effort A Control,72,1,
20261007,round1,61,110,50,Effort A Control,72,1,
20261007,round1,62,97,50,Effort A Control,72,1,
20261007,round1,63,101,50,Effort A Control,72,1,
20261007,round1,64,123,50,Effort A Control,72,1,
20261007,round1,65,88,50,Effort A Control,72,1,
20261007,round1,66,114,50,Effort A Control,72,1,
20261007,round1,67,98,50,Effort A Control,72,1,
20261007,round1,68,99,50,Effort A Control,72,0,
20261007,round1,69,96,50,Effort A Control,72,0,
20261007,round1,70,97,50,Effort A Control,72,1,
20261007,round1,71,99,50,Effort A Control,72,1,
20261007,round1,72,107,50,Effort A Control,72,1,
20261007,round1,73,103,50,Effort A Control,72,1,
20261007,round1,74,106,50,Effort A Control,72,1,
20261007,round1,75,105,50,Effort A Control,72,1,
20261007,round1,1,95,49,Effort A Treated,75,1,
20261007,round1,2,109,49,Effort A Treated,75,1,
20261007,round1,3,109,49,Effort A Treated,75,1,
20261007,round1,4,92,49,Effort A Treated,75,1,
20261007,round1,5,87,49,Effort A Treated,75,1,
20261007,round1,6,93,49,Effort A Treated,75,1,
20261007,round1,7,121,49,Effort A Treated,75,1,
20261007,round1,8,84,49,Effort A Treated,75,1,
20261007,round1,9,92,49,Effort A Treated,75,1,
20261007,round1,10,111,49,Effort A Treated,75,1,
20261007,round1,11,87,49,Effort A Treated,75,1,
20261007,round1,12,112,49,Effort A Treated,75,1,
20261007,round1,13,116,49,Effort A Treated,75,1,
20261007,round1,14,119,49,Effort A Treated,75,1,
20261007,round1,15,119,49,Effort A Treated,75,1,
20261007,round1,16,100,49,Effort A Treated,75,1,
20261007,round1,17,92,49,Effort A Treated,75,1,
20261007,round1,18,109,49,Effort A Treated,75,1,
20261007,round1,19,110,49,Effort A Treated,75,1,
20261007,round1,20,97,49,Effort A Treated,75,1,
20261007,round1,21,117,49,Effort A Treated,75,1,
20261007,round1,22,96,49,Effort A Treated,75,1,
20261007,round1,23,90,49,Effort A Treated,75,1,
20261007,round1,24,106,49,Effort A Treated,75,1,
20261007,round1,25,108,49,Effort A Treated,75,1,
20261007,round1,26,89,49,Effort A Treated,75,1,
20261007,round1,27,99,49,Effort A Treated,75,1,
20261007,round1,28,88,49,Effort A Treated,75,1,
20261007,round1,29,98,49,Effort A Treated,75,1,
20261007,round1,30,101,49,Effort A Treated,75,1,
20261007,round1,31,97,49,Effort A Treated,75,1,
20261007,round1,32,135,49,Effort A Treated,75,1,
20261007,round1,33,87,49,Effort A Treated,75,1,
20261007,round1,34,105,49,Effort A Treated,75,1,
20261007,round1,35,96,49,Effort A Treated,75,1,
20261007,round1,36,86,49,Effort A Treated,75,0,
20261007,round1,37,96,49,Effort A Treated,75,0,
20261007,round1,38,101,50,Effort A Control,75,1,
20261007,round1,39,95,50,Effort A Control,75,1,
20261007,round1,40,98,50,Effort A Control,75,1,
20261007,round1,41,115,50,Effort A Control,75,1,
20261007,round1,42,80,50,Effort A Control,75,1,
20261007,round1,43,107,50,Effort A Control,75,1,
20261007,round1,44,115,50,Effort A Control,75,1,
20261007,round1,45,99,50,Effort A Control,75,1,
20261007,round1,46,111,50,Effort A Control,75,1,
20261007,round1,47,104,50,Effort A Control,75,1,
20261007,round1,48,105,50,Effort A Control,75,1,
20261007,round1,49,100,50,Effort A Control,75,1,
20261007,round1,50,90,50,Effort A Control,75,1,
20261007,round1,51,76,50,Effort A Control,75,1,
20261007,round1,52,109,50,Effort A Control,75,1,
20261007,round1,53,88,50,Effort A Control,75,0,
20261007,round1,54,124,50,Effort A Control,75,1,
20261007,round1,55,82,50,Effort A Control,75,1,
20261007,round1,56,131,50,Effort A Control,75,1,
20261007,round1,57,114,50,Effort A Control,75,0,
20261007,round1,58,98,50,Effort A Control,75,1,
20261007,round1,59,120,50,Effort A Control,75,1,
20261007,round1,60,110,50,Effort A Control,75,1,
20261007,round1,61,110,50,Effort A Control,75,1,
20261007,round1,62,97,50,Effort A Control,75,1,
20261007,round1,63,101,50,Effort A Control,75,1,
20261007,round1,64,123,50,Effort A Control,75,1,
20261007,round1,65,88,50,Effort A Control,75,1,
20261007,round1,66,114,50,Effort A Control,75,1,
20261007,round1,67,98,50,Effort A Control,75,1,
20261007,round1,68,99,50,Effort A Control,75,0,
20261007,round1,69,96,50,Effort A Control,75,0,
20261007,round1,70,97,50,Effort A Control,75,1,
20261007,round1,71,99,50,Effort A Control,75,1,
20261007,round1,72,107,50,Effort A Control,75,1,
20261007,round1,73,103,50,Effort A Control,75,1,
20261007,round1,74,106,50,Effort A Control,75,1,
20261007,round1,75,105,50,Effort A Control,75,1,