date,round,time,cup,temp.C
20261004,round1,0,3,17.6
20261004,round1,0,46,18.1
20261004,round1,0,54,19.6
20261004,round1,0,63,18.4
20261004,round1,0,71,17.6
20261004,round1,5,5,35.6
20261004,round1,5,19,34.5
20261004,round1,5,47,35.6
20261004,round1,5,61,34.6
20261004,round1,5,70,35.9
20261005,round1,24,13,35
20261005,round1,24,46,34.4
20261005,round1,24,57,35.7
20261005,round1,24,63,35.9
20261005,round1,24,73,36.2
20261005,round1,27,8,35.1
20261005,round1,27,31,34.9
20261005,round1,27,40,35.3
20261005,round1,27,41,35.6
20261005,round1,27,61,35.1
20261006,round1,46,19,34.7
20261006,round1,46,42,34.9
20261006,round1,46,44,34.6
20261006,round1,46,56,34.1
20261006,round1,46,57,33.4
20261007,round1,51,7,35
20261007,round1,51,38,35.3
20261007,round1,51,44,35.1
20261007,round1,51,51,35.1
20261007,round1,51,57,35.4
20261007,round1,72,14,34.3
20261007,round1,72,32,35.3
20261007,round1,72,36,33.1
20261007,round1,72,47,35.3
20261007,round1,72,59,34.3
20261007,round1,75,14,35.6
20261007,round1,75,57,35.8
20261007,round1,75,69,35.4
20261007,round1,75,64,35.4
20261007,round1,75,34,35.6