field_cattle_tag,date,oyster,length.mm,width.mm,depth.mm,dead,stuck,image.name
bag 08S,20240909,1,44.9,37.98,13.18,,,IMG_6944
bag 08S,20240909,2,43.35,27.87,9.89,,,IMG_6944
bag 08S,20240909,3,44.44,37.01,13.63,,,IMG_6944
bag 08S,20240909,4,51.25,45.95,14.69,,,IMG_6944
bag 08S,20240909,5,43.29,34.53,18.21,,,IMG_6944
bag 08S,20240909,6,42.05,40.23,11.22,,,IMG_6944
bag 08S,20240909,7,60.86,38.51,16.59,,,IMG_6944
bag 08S,20240909,8,60.37,37.49,17.56,,,IMG_6944
bag 08S,20240909,9,42.96,48.17,16.47,,,IMG_6944
bag 08S,20240909,10,33.88,28.89,14.11,,,IMG_6944
bag 08S,20240909,11,35.35,42.95,15.36,,,IMG_6944
bag 08S,20240909,12,39.37,31.77,14.15,,,IMG_6944
bag 08S,20240909,13,42.29,28.78,12.61,,,IMG_6944
bag 08S,20240909,14,40.56,45.87,13.39,,,IMG_6944
bag 08S,20240909,15,53.77,41.34,14.35,,,IMG_6944
bag 08S,20240909,16,40.02,32.73,15.51,,,IMG_6944
bag 08S,20240909,17,33.95,34.31,11.5,,,IMG_6944
bag 08S,20240909,18,33.39,30.28,12.3,,,IMG_6944
bag 08S,20240909,19,35.31,34.75,13.75,,,IMG_6944
bag 08S,20240909,20,53.09,37.12,15.28,,,IMG_6944
bag 08S,20240909,21,40.46,39.99,12.53,,,IMG_6944
bag 08S,20240909,22,39.93,34.38,13.41,,,IMG_6944
bag 08S,20240909,23,41.92,33.62,13.67,,,IMG_6944
bag 08S,20240909,24,41.48,31.99,15.53,,,IMG_6944
bag 08S,20240909,25,37.98,30.15,15.42,,,IMG_6944
bag 08S,20240909,26,39.79,44.2,15.01,,,IMG_6944
bag 08S,20240909,27,47.37,38.8,14.06,,,IMG_6944
bag 08S,20240909,28,45.32,44.79,15.44,,,IMG_6944
bag 08-5,20240909,29,41.23,31.72,10.45,,,IMG_6945
bag 08-5,20240909,30,38.41,35.13,13.78,,,IMG_6945
bag 08-5,20240909,31,44.13,34.73,14.83,,,IMG_6945
bag 08-5,20240909,32,49.89,46.05,14.05,,,IMG_6945
bag 08-5,20240909,33,41.73,41.51,15.25,,,IMG_6945
bag 08-5,20240909,34,40.27,37.2,12.93,,,IMG_6945
bag 08-5,20240909,35,43.34,40.68,12.63,,,IMG_6945
bag 08-5,20240909,36,39.29,29.53,14.17,,,IMG_6945
bag 08-5,20240909,37,34.13,23.21,8.58,,,IMG_6945
bag 08-5,20240909,38,41.71,35.18,11.84,,,IMG_6945
bag 08-5,20240909,39,42.71,33.85,12.6,,,IMG_6945
bag 08-5,20240909,40,41.27,29.48,13.25,,,IMG_6945
bag 08-5,20240909,41,35.38,33.67,11.85,,,IMG_6945
bag 08-5,20240909,42,46.1,34.56,14.81,,,IMG_6945
bag 08-5,20240909,43,37.94,30.75,9.09,,,IMG_6945
bag 08-5,20240909,44,36.87,29.16,12.21,,,IMG_6945
bag 08-5,20240909,45,45.27,39.87,11.85,,,IMG_6945
bag 08-5,20240909,46,41.77,40.39,13.03,,,IMG_6945
bag 08-5,20240909,47,41.14,38.62,12.34,,,IMG_6945
bag 08-5,20240909,48,57.07,34.88,13.05,,,IMG_6945
bag 08-5,20240909,49,35.51,34.01,12.24,,,IMG_6945
bag 08-5,20240909,50,46.52,33.97,12.9,,,IMG_6945
bag 08-5,20240909,51,35.75,28.77,12.89,,,IMG_6945
bag 08-5,20240909,52,41.09,37.61,13.55,,,IMG_6945
bag 08-5,20240909,53,39.2,39.92,14.38,,,IMG_6945
bag 08-5,20240909,54,37.2,37.76,13.21,,,IMG_6945
bag 08-5,20240909,55,49.71,33.11,12.26,,,IMG_6945
bag 08-5,20240909,56,54.21,38.42,13.9,,,IMG_6945
bag 08-5,20240909,57,40.14,33.82,11.67,,,IMG_6945
bag 08-5,20240909,58,38.93,46.07,14.37,,,IMG_6945
bag 08-5,20240909,59,49.56,37.62,16.25,,,IMG_6945
bag 08-5,20240909,60,39.4,41.25,11.46,,,IMG_6945
bag 08-5,20240909,61,46.22,32.83,11.33,,,IMG_6945
bag 08-5,20240909,62,40.07,42.13,12.21,,,IMG_6945
bag 08-5,20240909,63,53.83,42.87,14.95,,,IMG_6945
bag 08-5,20240909,64,39.85,42.46,10.45,,,IMG_6945
bag 08-5,20240909,65,46.15,38.09,11.45,,,IMG_6945
bag 08-5,20240909,66,40.78,36.74,11.57,,,IMG_6945
bag 08-5,20240909,67,57.65,31.59,12.1,,,IMG_6945
bag 08-5,20240909,68,48.1,31.82,16.32,,,IMG_6945
bag 08-5,20240909,69,35.37,29.97,10.98,,,IMG_6945
bag 08-5,20240909,70,46.61,34.63,15.54,,,IMG_6945
bag 08-5,20240909,71,48.46,35.78,16.8,,,IMG_6945
bag 08-5,20240909,72,41.46,40.78,14.84,,,IMG_6945
bag 08-5,20240909,73,40.93,30.17,15.95,,,IMG_6945
bag 08-5,20240909,74,30.56,32.18,12.99,,,IMG_6945
bag 08-5,20240909,75,41.87,29.37,12.2,,,IMG_6945
bag 08-5,20240909,76,47.42,32.18,12.02,,,IMG_6945
bag 85,20240909,77,32.52,35.93,12.06,,,IMG_6945
bag 85,20240909,78,11.66,45.91,13.78,,,IMG_6945
bag 85,20240909,79,50.05,38.31,12.77,,,IMG_6945
bag 85,20240909,80,44.1,30.65,12.45,,,IMG_6945
bag 85,20240909,81,40.58,48.45,14.32,,,IMG_6945
bag 85,20240909,82,38.79,28.27,12.39,,,IMG_6945
bag 85,20240909,83,37.67,29.45,12.79,,,IMG_6945
bag 85,20240909,84,35.97,29.74,14.06,,,IMG_6945
bag 85,20240909,85,45.48,32.49,12.96,,,IMG_6945
bag 85,20240909,86,37.07,34,10.08,,,IMG_6945
bag 85,20240909,87,30.5,27.67,10.19,,,IMG_6945
bag 85,20240909,88,36.31,32.18,11.27,,,IMG_6945
bag 85,20240909,89,53.78,32.74,14.26,,,IMG_6945
bag 85,20240909,90,41.79,34.37,11.54,,,IMG_6945
bag 85,20240909,91,33.73,24.07,9.37,,,IMG_6945
bag 85,20240909,92,42.08,28.67,10.46,,,IMG_6945
bag 85,20240909,93,39.05,38.76,13.43,,,IMG_6945
bag 85,20240909,94,32.92,34.17,11.27,,,IMG_6945
bag 85,20240909,95,36.98,34.62,11.4,,,IMG_6945
bag 85,20240909,96,37.62,40.57,16.83,,,IMG_6945
bag 85,20240909,97,41.53,29.93,12.92,,,IMG_6945
bag 85,20240909,98,44.02,32.68,15.31,,,IMG_6945
bag 85,20240909,99,43.37,34.45,12.8,,,IMG_6945
bag 85,20240909,100,36.93,31.53,11.77,,,IMG_6945
bag 85,20240909,101,37.83,38.8,13.96,,,IMG_6945
bag 84,20240909,102,43.04,36.93,14.86,,,IMG_6945
bag 84,20240909,103,33.79,39.86,9.91,,,IMG_6945
bag 84,20240909,104,46.12,44.06,13.23,,,IMG_6945
bag 84,20240909,105,46.41,27.51,14.47,,,IMG_6945
bag 84,20240909,106,41.83,38.52,16.14,,,IMG_6945
bag 84,20240909,107,45.18,34,16.17,,,IMG_6945
bag 84,20240909,108,40.91,38.45,16.78,,,IMG_6945
bag 84,20240909,109,44.42,22.5,11.62,,,IMG_6945
bag 84,20240909,110,52.18,28.88,14.7,,,IMG_6945
bag 84,20240909,111,50.14,32.35,15.15,,,IMG_6945
bag 84,20240909,112,50.86,32.51,13.86,,,IMG_6945
bag 84,20240909,113,44.88,47.15,13.26,,,IMG_6945
bag 84,20240909,114,45.45,43.58,14.12,,,IMG_6945
bag 84,20240909,115,44.17,47.2,12.83,,,IMG_6945
bag 84,20240909,116,43.11,33.88,12.76,,,IMG_6945
bag 84,20240909,117,50.39,34.4,15.6,,,IMG_6945
bag 84,20240909,118,44.79,30.19,14.06,,,IMG_6945
bag 84,20240909,119,45.11,33.85,12.12,,,IMG_6945
bag 84,20240909,120,43.53,35.91,12.85,,,IMG_6945
bag 84,20240909,121,37.72,37.55,17.79,,,IMG_6945
bag 84,20240909,122,43.27,52.43,11.26,,,IMG_6945
bag 84,20240909,123,45.1,27.92,17.52,,,IMG_6945
bag 84,20240909,124,47.36,28.16,17.63,,,IMG_6945
bag 84,20240909,125,42.47,34.09,13.6,,,IMG_6945
bag 84,20240909,126,44.29,32.54,14.47,,,IMG_6946
bag 84,20240909,127,41.63,31.23,17.3,,,IMG_6946
bag 84,20240909,128,42.03,27.42,12.12,,,IMG_6946
bag 84,20240909,129,50.83,34.84,14.14,,,IMG_6946
bag 84,20240909,130,48.3,44.91,16.07,,,IMG_6946
bag 84,20240909,131,50.89,42.33,12.76,,,IMG_6946
bag 84,20240909,132,56.13,36.42,14.21,,,IMG_6946
bag 84,20240909,133,38.02,33.98,13.39,,,IMG_6946
bag 84,20240909,134,57.5,32.89,12.71,,,IMG_6946
bag 84,20240909,135,35.73,45.2,14.37,,,IMG_6946
bag 84,20240909,136,35.81,34.96,10.15,,,IMG_6946
bag 84,20240909,137,44.74,29.04,12.25,,,IMG_6946
bag 84,20240909,138,39.04,28.46,11.96,,,IMG_6946
bag 84,20240909,139,48.16,37.25,13.28,,,IMG_6946
bag 84,20240909,140,40.71,36.92,12.1,,,IMG_6946
bag 84,20240909,141,50.4,29.33,12.06,,,IMG_6946
bag 84,20240909,142,42.42,36.49,14.72,,,IMG_6946
bag 84,20240909,143,35.24,40.04,12.87,,,IMG_6946
bag 84,20240909,144,52.05,30.64,14.3,,,IMG_6946
bag 84,20240909,145,33.66,34,10.05,,,IMG_6946
bag 84,20240909,146,40.49,32.08,13.84,,,IMG_6946
bag 84,20240909,147,40.44,28.15,12.63,,,IMG_6946
bag 84,20240909,148,42.07,32.07,12.74,,,IMG_6946
bag 84,20240909,149,39.32,32.1,14.54,,,IMG_6946
bag 84,20240909,150,24.63,22.51,9.38,,,IMG_6946
bag 84,20240909,151,39.57,41.94,11.97,,,IMG_6946
bag 84,20240909,152,44.95,42.08,14.8,,,IMG_6946
bag 84,20240909,153,46.7,37.44,12.7,,,IMG_6946
bag 84,20240909,154,43.4,36.39,13.39,,,IMG_6946
bag 84,20240909,155,44.69,30.21,15.04,,,IMG_6946
bag 84,20240909,156,37.5,30,13.83,,,IMG_6946
bag 84,20240909,157,50.44,41.01,13.64,,,IMG_6946
bag 84,20240909,158,36.16,34.86,12.52,,,IMG_6946
bag 84,20240909,159,52.28,31.38,13.77,,,IMG_6946
bag 84,20240909,160,47.25,33.67,15.82,,,IMG_6946
bag 84,20240909,161,38.01,42.23,15.26,,,IMG_6946
bag 84,20240909,162,32.65,33.66,15.31,,,IMG_6946
bag 84,20240909,163,42.77,28.98,16.34,,,IMG_6946
bag 84,20240909,164,43.96,31.07,17.76,,,IMG_6946
bag 84,20240909,165,46.25,47.1,16,,,IMG_6946
bag 84,20240909,166,46.43,32.72,13.13,,,IMG_6946
bag 84,20240909,167,42.5,33.34,13.13,,,IMG_6946
bag 84,20240909,168,41.49,48.48,13.85,,,IMG_6946
bag 84,20240909,169,34.66,31.52,11.66,,,IMG_6946
bag 84,20240909,170,36.49,39.67,14.13,,,IMG_6946
bag 84,20240909,171,48.18,41.72,14.28,,,IMG_6946
bag 84,20240909,172,34.51,36.81,12.66,,,IMG_6946
bag 84,20240909,173,38.05,33.36,11.17,,,IMG_6946
bag 84,20240909,174,43.53,37.29,13.28,,,IMG_6946
bag 84,20240909,175,45.53,39.37,12.59,,,IMG_6946
bag 84,20240909,176,46.44,39.64,12.74,,,IMG_6946
bag 84,20240909,177,41.04,30.62,12.79,,,IMG_6946
bag 84,20240909,178,41.29,35.64,12.55,,,IMG_6946
bag 84,20240909,179,49.3,36.12,17.29,,,IMG_6946
bag 84,20240909,180,41.96,37.03,13.22,,,IMG_6946
bag 84,20240909,181,43.9,44.13,14.52,,,IMG_6946
bag 84,20240909,182,42.54,33.01,13.31,,,IMG_6946
bag 84,20240909,183,51.23,36.69,14.64,,,IMG_6946
bag 84,20240909,184,46.76,34.35,15.09,,,IMG_6946
bag 84,20240909,185,44.4,35.09,13.76,,,IMG_6946
bag 84,20240909,186,48.81,35.22,18.01,,,IMG_6946
bag 84,20240909,187,38.79,38.45,14.51,,,IMG_6946
bag 84,20240909,188,40.55,42.61,15.1,,,IMG_6946
bag 84,20240909,189,36.91,44.8,10.41,,,IMG_6946
bag 84,20240909,190,37.99,44.27,13.99,,,IMG_6946
bag 84,20240909,191,43.71,28.81,12.64,,,IMG_6946
bag 84,20240909,192,46.13,32.84,13.71,,,IMG_6946
bag 84,20240909,193,37.71,34.82,15.12,,,IMG_6946
bag 84,20240909,194,50.45,38,15.14,,,IMG_6946
bag 84,20240909,195,37.31,37.91,15.45,,,IMG_6946
bag 84,20240909,196,41.19,27.48,15.05,,,IMG_6946
bag 84,20240909,197,46.31,43.53,15.81,,,IMG_6946
bag 84,20240909,198,41,37.05,15.71,,,IMG_6946
bag 84,20240909,199,39.14,30.95,13.18,,,IMG_6946
bag 84,20240909,200,44.88,31.57,13.55,,,IMG_6946
bag 84,20240909,201,44.89,31.79,14.1,,,IMG_6946
bag 84,20240909,202,36.25,28.64,10.49,,,IMG_6946
bag 84,20240909,203,36.67,26.41,13.67,,,IMG_6946
bag 83,20240909,204,50.3,36.48,13.7,,,IMG_6946
bag 83,20240909,205,39.5,34.95,12.37,,,IMG_6946
bag 83,20240909,206,36.91,23.18,14.94,,,IMG_6946
bag 83,20240909,207,40.73,35.59,16.51,,,IMG_6946
bag 83,20240909,208,36.5,31.69,11.81,,,IMG_6946
bag 83,20240909,209,38.64,31.71,13.23,,,IMG_6946
bag 83,20240909,210,45.44,39.91,16.67,,,IMG_6946
bag 83,20240909,211,42.82,29.7,14.08,,,IMG_6946
bag 83,20240909,212,35.44,32.48,12.35,,,IMG_6946
bag 83,20240909,213,34.05,22.9,14.24,,,IMG_6946
bag 83,20240909,214,31.23,28.04,11.25,,,IMG_6946
bag 83,20240909,215,41.62,39.65,16.71,,,IMG_6946
bag 83,20240909,216,36.92,32.18,13.1,,,IMG_6946
bag 83,20240909,217,37.87,34.96,10.91,,,IMG_6946
bag 83,20240909,218,42.42,43.39,15.24,,,IMG_6946
bag 83,20240909,219,47.69,37.8,15.55,,,IMG_6946
bag 83,20240909,220,44.76,33.99,13.08,,,IMG_6946
bag 83,20240909,221,42.3,39.79,16.05,,,IMG_6946
bag 83,20240909,222,44.07,31.61,12.07,1,,IMG_6947
bag 83,20240909,223,33.62,28.25,13.09,1,,IMG_6947
bag 83,20240909,224,53.42,42.64,19.44,,,IMG_6947
bag 83,20240909,225,38.44,29.93,12.4,,,IMG_6947
bag 83,20240909,226,46.76,28.88,14.01,,,IMG_6947
bag 83,20240909,227,41.61,34.39,12.95,,,IMG_6947
bag 83,20240909,228,37.7,33.8,12.74,,,IMG_6947
bag 83,20240909,229,36.78,34.15,16.19,,,IMG_6947
bag 83,20240909,230,41.9,31.99,12.67,,,IMG_6947
bag 83,20240909,231,33.81,23.58,12.87,,,IMG_6947
bag 83,20240909,232,49.97,35.26,12.91,,,IMG_6947
bag 83,20240909,233,40.55,26.28,12.1,,,IMG_6947
bag 83,20240909,234,43.99,31.29,13.06,,,IMG_6947
bag 83,20240909,235,45.79,33.77,15.67,,,IMG_6947
bag 83,20240909,236,36,34.47,11.46,,,IMG_6947
bag 83,20240909,237,43.35,32.69,11.8,,,IMG_6947
bag 83,20240909,238,42.76,40.36,16.3,,,IMG_6947
bag 83,20240909,239,47.14,34.34,16.14,,,IMG_6947
bag 83,20240909,240,56.08,36.07,16.76,,,IMG_6947
bag 83,20240909,241,44.63,35.43,14.78,,,IMG_6947
bag 83,20240909,242,48.47,35.18,14.17,,,IMG_6947
bag 83,20240909,243,44.08,30.81,10.18,,,IMG_6947
bag 83,20240909,244,48.89,36.59,13.34,,,IMG_6947
bag 83,20240909,245,43.28,34.88,15.44,,,IMG_6947
bag 83,20240909,246,46.32,43.91,14.29,,,IMG_6947
bag 83,20240909,247,52.67,38.88,15.03,,,IMG_6947
bag 83,20240909,248,42.39,31.8,16.93,,,IMG_6947
bag 83,20240909,249,43.86,39.82,10.1,,,IMG_6947
bag 83,20240909,250,41.27,32.51,12.8,,,IMG_6947
bag 83,20240909,251,36.15,35.47,11.73,,,IMG_6947
bag 83,20240909,252,38.78,25.11,8.95,,,IMG_6947
bag 83,20240909,253,51.55,32.44,13.05,,,IMG_6947
bag 83,20240909,254,42,30.2,16.58,,,IMG_6947
bag 83,20240909,255,42.83,34.18,15.44,,,IMG_6947
bag 83,20240909,256,39.13,38.75,13.1,,,IMG_6947
bag 83,20240909,257,47.32,43.91,16.35,,,IMG_6947
bag 83,20240909,258,48.65,48.77,12.62,,,IMG_6947
bag 83,20240909,259,43.82,28.21,11.67,,,IMG_6947
bag 83,20240909,260,39.61,32.04,14.51,,,IMG_6947
bag 83,20240909,261,45.76,39.19,9.9,,,IMG_6947
bag 83,20240909,262,35.68,34.12,13.84,,,IMG_6947
bag 83,20240909,263,38.85,32.35,11.08,,,IMG_6947
bag 83,20240909,264,47.78,41.31,15.53,,,IMG_6947
bag 83,20240909,265,35,33.69,12.63,,,IMG_6947
bag 83,20240909,266,57.96,38.64,10.5,,,IMG_6947
bag 83,20240909,267,40.14,32.83,16.19,,,IMG_6947
bag 83,20240909,268,33.92,39.78,11.12,,,IMG_6947
bag 83,20240909,269,49.86,41.86,15.35,,,IMG_6947
bag 83,20240909,270,27.6,43.16,10.08,,,IMG_6947
bag 83,20240909,271,46.39,41.18,14.5,,,IMG_6947
bag 83,20240909,272,43.24,41.14,15.65,,,IMG_6947
bag 83,20240909,273,38.37,41.35,14.62,,,IMG_6947
bag 83,20240909,274,44.12,31.23,13.51,,,IMG_6947
bag 83,20240909,275,42.11,41.22,14.86,,,IMG_6947
bag 83,20240909,276,33.69,36.88,10.88,,,IMG_6947
bag 83,20240909,277,31.59,29.13,13.59,,,IMG_6947
bag 83,20240909,278,52.77,42.22,16.37,,,IMG_6947
bag 83,20240909,279,42.05,45.13,17.63,,,IMG_6947
bag 83,20240909,280,53.07,30.5,14.36,,,IMG_6947
bag 83,20240909,281,39.44,29.05,9.27,,,IMG_6947
bag 83,20240909,282,44.63,34.8,11.61,,,IMG_6947
bag 83,20240909,283,41.36,36.24,11.77,,,IMG_6947
bag 83,20240909,284,35.85,34.73,13.45,,,IMG_6947
bag 83,20240909,285,44.28,31.05,13.04,,,IMG_6947
bag 83,20240909,286,52.25,39.5,15.78,,,IMG_6947
bag 83,20240909,287,47.71,34.83,14.42,,,IMG_6947
bag 83,20240909,288,35.96,40.23,13.23,,,IMG_6947
bag 83,20240909,289,42.7,37.91,14.31,,,IMG_6947
bag 83,20240909,290,53.23,29.06,13.54,,,IMG_6947
bag 83,20240909,291,35.96,23.96,9.52,,,IMG_6947
bag 83,20240909,292,39.32,40.64,14.68,,,IMG_6947
bag 83,20240909,293,51.11,33.8,11.97,,,IMG_6947
bag 83,20240909,294,41.55,37.36,14.56,,,IMG_6947
bag 83,20240909,295,45.75,36.23,16.55,,,IMG_6947
bag 83,20240909,296,54.66,39.15,14.34,,,IMG_6947
bag 83,20240909,297,36.98,29.29,9.77,,,IMG_6947
bag 83,20240909,298,37.02,25.76,11.34,,,IMG_6947
bag 83,20240909,299,37.67,29.42,11.28,,,IMG_6947
bag 83,20240909,300,40.03,35.75,17.76,,,IMG_6947
bag 83,20240909,301,44.69,32.13,13.87,,,IMG_6947
bag 83,20240909,302,34.34,25.75,9.89,,,IMG_6947
bag 83,20240909,303,39.49,43.1,13.02,,,IMG_6947
bag 83,20240909,304,26.5,26.31,10.4,,,IMG_6947
bag 83,20240909,305,39.92,28.64,14.37,1,,IMG_6947
bag 83,20240909,306,36.87,28,11.94,1,,IMG_6947
bag 83,20240909,307,25.34,22.47,5.68,1,,IMG_6947
bag 091,20240909,308,51.62,31.95,12.78,,,IMG_6948
bag 091,20240909,309,41.73,37.12,12.33,,,IMG_6948
bag 091,20240909,310,51.5,37.14,15.1,,,IMG_6948
bag 091,20240909,311,38.49,30,15.1,,,IMG_6948
bag 091,20240909,312,39.47,25.22,12.28,,,IMG_6948
bag 091,20240909,313,30.45,26.49,12.29,,,IMG_6948
bag 091,20240909,314,42.09,30.92,12.34,,,IMG_6948
bag 091,20240909,315,39.63,34.73,14.78,,,IMG_6948
bag 091,20240909,316,57.96,32.24,14.58,,,IMG_6948
bag 091,20240909,317,38.53,35.91,12.94,,,IMG_6948
bag 091,20240909,318,47.3,27.31,18.72,,,IMG_6948
bag 091,20240909,319,40.05,36.41,15.44,,,IMG_6948
bag 091,20240909,320,42.46,30.52,14.68,,,IMG_6948
bag 091,20240909,321,43.63,34.53,17.32,,,IMG_6948
bag 091,20240909,322,49.91,32.7,13.01,,,IMG_6948
bag 091,20240909,323,40.1,31.54,16.58,,,IMG_6948
bag 091,20240909,324,45.08,32.91,12.6,,,IMG_6948
bag 091,20240909,325,39.96,37.67,20.74,,,IMG_6948
bag 091,20240909,326,43.6,39.95,17.62,,,IMG_6948
bag 091,20240909,327,38.59,30.09,17.43,,,IMG_6948
bag 091,20240909,328,45.16,34.66,18.14,,,IMG_6948
bag 091,20240909,329,46.81,39.99,17.95,,,IMG_6948
bag 091,20240909,330,41.65,27.71,12.59,,,IMG_6948
bag 091,20240909,331,36.04,34.45,13.88,,,IMG_6948
bag 091,20240909,332,45.83,38.21,14.37,,,IMG_6948
bag 091,20240909,333,43.41,27.19,13.82,,1,IMG_6948
bag 091,20240909,334,37.14,24.17,10.25,,1,IMG_6948
bag 091,20240909,335,57.85,29.38,18.4,,,IMG_6948
bag 091,20240909,336,50.75,30.49,12.17,,,IMG_6948
bag 091,20240909,337,40.51,30.66,18.03,,,IMG_6948
bag 091,20240909,338,38.11,36.63,15.44,,,IMG_6948
bag 091,20240909,339,40.17,35.76,13.2,,,IMG_6948
bag 091,20240909,340,36.33,31.38,18.87,,,IMG_6948
bag 091,20240909,341,35.47,22.61,14.16,,,IMG_6948
bag 091,20240909,342,35.36,31.41,16.93,,,IMG_6948
bag 091,20240909,343,43.59,29.46,17.57,,,IMG_6948
bag 091,20240909,344,42.28,36.47,17.04,,,IMG_6948
bag 091,20240909,345,52.14,28.54,15.25,,,IMG_6948
bag 091,20240909,346,45.96,32.87,13.61,,,IMG_6948
bag 091,20240909,347,49.55,36.14,16.58,,,IMG_6948
bag 091,20240909,348,47.72,35.53,18.47,,,IMG_6948
bag 091,20240909,349,45.24,28.11,14.92,,,IMG_6948
bag 091,20240909,350,35.76,27.64,12.8,,,IMG_6948
bag 091,20240909,351,42.19,29.68,14.11,,,IMG_6948
bag 091,20240909,352,44.96,35.7,14.65,,,IMG_6948
bag 091,20240909,353,43.45,29.94,15.09,,,IMG_6948
bag 091,20240909,354,37.49,32.47,13.7,,,IMG_6948
bag 091,20240909,355,48.44,34.07,14.16,,,IMG_6948
bag 091,20240909,356,40.95,32.19,15.59,,,IMG_6948
bag 091,20240909,357,41.86,39.52,18.66,,,IMG_6948
bag 091,20240909,358,37.37,31.77,12.65,,,IMG_6948
bag 091,20240909,359,40.58,26.93,11.68,,,IMG_6948
bag 091,20240909,360,40.88,31.17,13.51,,,IMG_6948
bag 091,20240909,361,37.4,33.83,14.7,,,IMG_6948
bag 091,20240909,362,38.99,32.39,12.93,,,IMG_6948
bag 091,20240909,363,49.6,32.27,11.98,,,IMG_6948
bag 091,20240909,364,40.96,25.66,11.65,,,IMG_6948
bag 091,20240909,365,44.66,25.14,14.39,,,IMG_6948
bag 091,20240909,366,44.85,35.78,13.83,,,IMG_6948
bag 091,20240909,367,47.51,35.82,16.97,,,IMG_6948
bag 091,20240909,368,43.31,29.76,13.34,,,IMG_6948
bag 091,20240909,369,35.35,33.03,12.83,,,IMG_6948
bag 091,20240909,370,39.94,32.77,15.39,,,IMG_6948
bag 091,20240909,371,47.88,33.7,20.2,,,IMG_6948
bag 091,20240909,372,43.97,35.26,13.82,,,IMG_6948
bag 091,20240909,373,39.45,22.55,12.34,,,IMG_6948
bag 091,20240909,374,44.56,32.17,17.56,,,IMG_6948
bag 091,20240909,375,42.42,35.17,22.55,,,IMG_6948
bag 091,20240909,376,43.62,38.68,15,,,IMG_6948
bag 091,20240909,377,40.76,30.95,12.8,,,IMG_6948
bag 091,20240909,378,42.91,30.98,15.28,,,IMG_6948
bag 091,20240909,379,39.11,39.1,13.71,,,IMG_6948
bag 091,20240909,380,33.94,28.28,14.94,,1,IMG_6948
bag 091,20240909,381,38.8,35.04,12.89,,1,IMG_6948
bag 091,20240909,382,45.62,31.78,19.11,,,IMG_6948
bag 091,20240909,383,42.75,32.25,13.01,,,IMG_6948
bag 091,20240909,384,39.93,30.67,15.43,,,IMG_6948
bag 091,20240909,385,43.44,33.43,15.09,,,IMG_6948
bag 091,20240909,386,36.96,29.27,16.78,,,IMG_6948
bag 091,20240909,387,35.54,31.74,14.57,,,IMG_6948
bag 091,20240909,388,46,35.9,13.12,,,IMG_6948
bag 091,20240909,389,47.4,28.11,13.32,,,IMG_6948
bag 091,20240909,390,47.02,29.76,14.36,,,IMG_6948
bag 091,20240909,391,44.81,32.16,12.22,,,IMG_6948
bag 091,20240909,392,45.13,26.15,13.27,,,IMG_6948
bag 091,20240909,393,41.28,31.38,12.98,,,IMG_6948
bag 091,20240909,394,44.29,31.94,16.68,,,IMG_6948
bag 091,20240909,395,42.97,33.35,13.96,,,IMG_6948
bag 091,20240909,396,40.2,30.72,16.46,,,IMG_6948
bag 091,20240909,397,45.37,32.6,9.27,,,IMG_6948
bag 091,20240909,398,39.9,29.84,18.08,,,IMG_6948
bag 091,20240909,399,44.25,34.03,13.08,,,IMG_6948
bag 091,20240909,400,36.68,28.63,10.98,,,IMG_6948
bag 091,20240909,401,40.92,42.44,17.63,,,IMG_6948
bag 091,20240909,402,46.26,23.99,10.51,,,IMG_6948
bag 091,20240909,403,46.22,32.92,12.82,,,IMG_6948
bag 091,20240909,404,44.53,36,12.35,,,IMG_6949
bag 091,20240909,405,42.49,35.54,12.92,,,IMG_6949
bag 091,20240909,406,39.02,31.23,15.88,,,IMG_6949
bag 091,20240909,407,44.04,28.85,10.67,,,IMG_6949
bag 091,20240909,408,35.39,33.7,12.87,,,IMG_6949
bag 091,20240909,409,41.15,34.75,15.24,,,IMG_6949
bag 082,20240909,410,42.31,34.84,17.39,,,IMG_6949
bag 082,20240909,411,34.73,30.23,12.01,,,IMG_6949
bag 082,20240909,412,32.89,26.13,9.72,,,IMG_6949
bag 082,20240909,413,43.66,41.5,11.66,,,IMG_6949
bag 082,20240909,414,44.2,36.67,11.46,,,IMG_6949
bag 082,20240909,415,37.6,26.66,13.06,,,IMG_6949
bag 082,20240909,416,37.82,26.23,16.04,,,IMG_6949
bag 082,20240909,417,37.68,31.62,16.84,,,IMG_6949
bag 082,20240909,418,41.73,23.5,10.45,,,IMG_6949
bag 082,20240909,419,40.18,34.31,10.82,,,IMG_6949
bag 082,20240909,420,34.85,31.48,17.2,,,IMG_6949
bag 082,20240909,421,43.37,28.09,14.07,,,IMG_6949
bag 082,20240909,422,23.23,36.36,12.27,,,IMG_6949
bag 082,20240909,423,41.94,29.15,16.37,,,IMG_6949
bag 082,20240909,424,42.14,32.04,12.11,,,IMG_6949
bag 082,20240909,425,34.93,25.09,13.68,,,IMG_6949
bag 082,20240909,426,39.11,29.28,15.43,,,IMG_6949
bag 082,20240909,427,42.24,34.17,13.81,,,IMG_6949
bag 082,20240909,428,34.79,30.48,14.1,,,IMG_6949
bag 082,20240909,429,45.48,29.76,14.58,,,IMG_6949
bag 082,20240909,430,38.73,29.02,10.91,,,IMG_6949
bag 082,20240909,431,36.47,23.25,10.81,,,IMG_6949
bag 082,20240909,432,43.82,26.99,15.31,,,IMG_6949
bag 082,20240909,433,32.84,25.12,12,,,IMG_6949
bag 082,20240909,434,43.63,25,11.43,,,IMG_6949
bag 082,20240909,435,33.7,26.37,11.54,,,IMG_6949
bag 082,20240909,436,36.71,29.7,14.07,,,IMG_6949
bag 082,20240909,437,40.72,24.46,14.33,,,IMG_6949
bag 082,20240909,438,29.71,22.38,10.73,,,IMG_6949
bag 082,20240909,439,34.46,24.33,12.51,,,IMG_6949
bag 082,20240909,440,35,28.86,10.88,,,IMG_6949
bag 082,20240909,441,27.4,25.46,9.28,,,IMG_6949
bag 082,20240909,442,44.65,25.03,19.92,,,IMG_6949
bag 082,20240909,443,37.1,26.1,14.38,,,IMG_6949
bag 082,20240909,444,36.72,31.47,18.59,,,IMG_6949
bag 082,20240909,445,32.72,31.27,15.43,,,IMG_6949
bag 082,20240909,446,36.51,26.74,18.19,,,IMG_6949
bag 082,20240909,447,34.77,25.83,9.42,,,IMG_6949
bag 082,20240909,448,35.83,25.12,12.13,,,IMG_6949
bag 082,20240909,449,39.73,39.65,16.18,,,IMG_6949
bag 082,20240909,450,34.32,25.88,13.76,,,IMG_6949
bag 082,20240909,451,41.16,31.24,14.5,,,IMG_6949
bag 082,20240909,452,31.7,27.37,12.26,,,IMG_6949
bag 082,20240909,453,40.95,30.96,13.34,,,IMG_6949
bag 082,20240909,454,47.9,33.42,11.53,,,IMG_6949
bag 082,20240909,455,41.22,31.65,14.99,,,IMG_6949
bag 082,20240909,456,43.06,33.45,12.43,,,IMG_6949
bag 082,20240909,457,39.23,29.77,15.34,,,IMG_6949
bag 082,20240909,458,39.25,26.04,16.1,,,IMG_6949
bag 082,20240909,459,29.22,25.68,9.64,,,IMG_6949
bag 082,20240909,460,38.94,32.47,9.1,,,IMG_6949
bag 082,20240909,461,46.76,33.41,13.76,,,IMG_6949
bag 082,20240909,462,39.59,29.09,12.9,,,IMG_6949
bag 082,20240909,463,39,27.44,18.4,,,IMG_6949
bag 082,20240909,464,42.03,30.23,9.14,,,IMG_6949
bag 082,20240909,465,34.9,25.36,13.11,,,IMG_6949
bag 082,20240909,466,44.04,32.81,17.39,,,IMG_6949
bag 082,20240909,467,42.77,34.88,12.53,,,IMG_6949
bag 082,20240909,468,37.66,27.7,10.58,,,IMG_6949
bag 082,20240909,469,34.9,32.6,16.04,,,IMG_6949
bag 082,20240909,470,39.03,30.7,13.96,,,IMG_6949
bag 082,20240909,471,37.29,27.65,14.51,,,IMG_6949
bag 082,20240909,472,35.45,26.87,13.4,,,IMG_6949
bag 082,20240909,473,40.32,34.18,12.94,,,IMG_6949
bag 082,20240909,474,39.78,27.74,16.68,,,IMG_6949
bag 082,20240909,475,29.11,24.6,10.81,,,IMG_6949
bag 082,20240909,476,39.45,27.33,15.2,,,IMG_6949
bag 082,20240909,477,34.7,29.77,17.75,,,IMG_6949
bag 082,20240909,478,36.3,26.54,19.2,,,IMG_6949
bag 082,20240909,479,33.48,36.92,13.82,,,IMG_6949
bag 082,20240909,480,41.94,26.02,14.89,,,IMG_6949
bag 082,20240909,481,31.12,30.69,11.75,,,IMG_6949
bag 082,20240909,482,39.25,26.93,8.65,,,IMG_6949
bag 082,20240909,483,39.47,21.32,10.14,,,IMG_6949
bag 082,20240909,484,39.16,26.77,15.49,,,IMG_6949
bag 082,20240909,485,40.74,31.02,12.45,,,IMG_6949
bag 082,20240909,486,44.53,33.87,17.24,,,IMG_6949
bag 082,20240909,487,36.02,30.81,11.48,,,IMG_6950
bag 082,20240909,488,41.02,27.57,11.81,,,IMG_6950
bag 082,20240909,489,40.46,28.34,13.73,,,IMG_6950
bag 082,20240909,490,38.48,31.55,11.16,,,IMG_6950
bag 082,20240909,491,30.72,24.5,17.1,,,IMG_6950
bag 082,20240909,492,43.18,30.36,14.13,,,IMG_6950
bag 082,20240909,493,42.7,29.29,17.37,,,IMG_6950
bag 082,20240909,494,36.54,21.34,12.68,,,IMG_6950
bag 082,20240909,495,36.29,28.96,13.15,,,IMG_6950
bag 082,20240909,496,39.16,29.3,14.5,,,IMG_6950
bag 082,20240909,497,43.19,27.94,14.29,,,IMG_6950
bag 082,20240909,498,38.52,26.16,15.61,,,IMG_6950
bag 082,20240909,499,36.16,26.14,14.83,,,IMG_6950
bag 082,20240909,500,34.69,24.75,10.85,,,IMG_6950
bag 082,20240909,501,40.39,23.99,19.23,,,IMG_6950
bag 082,20240909,502,30.48,23.98,13.63,,,IMG_6950
bag 082,20240909,503,37.2,22.45,12.46,,,IMG_6950
bag 082,20240909,504,31.27,26.18,12.07,,,IMG_6950
bag 082,20240909,505,35.21,21.86,10.87,,,IMG_6950
bag 082,20240909,506,31.19,23.35,11.17,,1,IMG_6950
bag 082,20240909,507,28.97,19.1,11,1,1,IMG_6950
bag 082,20240909,508,25.64,22.59,8.23,1,1,IMG_6950
bag 086,20240909,509,47.64,35.42,13.24,,,IMG_6950
bag 086,20240909,510,33.1,32.14,9.3,,,IMG_6950
bag 086,20240909,511,47.83,39.26,17.38,,,IMG_6950
bag 086,20240909,512,47.82,39.8,13.92,,,IMG_6950
bag 086,20240909,513,45.09,42.7,15.03,,,IMG_6950
bag 086,20240909,514,41.86,30.31,13.01,,,IMG_6950
bag 086,20240909,515,39.07,31.94,13.98,,,IMG_6950
bag 086,20240909,516,42.41,36.29,12.35,,,IMG_6950
bag 086,20240909,517,45.51,43.14,15.66,,,IMG_6950
bag 086,20240909,518,49.06,36.79,15.31,,,IMG_6950
bag 086,20240909,519,54.23,32.44,17.2,,,IMG_6950
bag 086,20240909,520,50.8,34.9,15.95,,,IMG_6950
bag 086,20240909,521,37.36,30.84,16.86,,,IMG_6950
bag 086,20240909,522,39.14,25.69,12.57,,,IMG_6950
bag 086,20240909,523,38.8,32.04,12.6,,,IMG_6950
bag 086,20240909,524,43.12,35.78,17.93,,,IMG_6950
bag 086,20240909,525,41.44,36.6,14.28,,,IMG_6950
bag 086,20240909,526,56.97,36.92,14.06,,,IMG_6950
bag 086,20240909,527,39.73,39.7,16.58,,,IMG_6950
bag 086,20240909,528,47.28,44.9,11.48,,,IMG_6950
bag 086,20240909,529,52.43,35.05,14.35,,,IMG_6950
bag 086,20240909,530,48.49,34.22,14.35,,,IMG_6950
bag 086,20240909,531,39.99,31.2,9.76,,,IMG_6950
bag 086,20240909,532,42.05,25.64,13.01,,,IMG_6950
bag 086,20240909,533,42.32,34.26,12.31,,,IMG_6950
bag 086,20240909,534,38.6,38.95,15.51,,,IMG_6950
bag 086,20240909,535,45.35,40.31,14.61,,,IMG_6950
bag 086,20240909,536,52.69,44.47,13.45,,,IMG_6950
bag 086,20240909,537,45.07,41.45,14.61,,,IMG_6950
bag 086,20240909,538,39.14,35.85,16.28,,,IMG_6950
bag 086,20240909,539,45.17,35.09,17.66,,,IMG_6950
bag 086,20240909,540,41.74,39.32,14.77,,,IMG_6950
bag 086,20240909,541,39.42,35.77,17.01,,,IMG_6950
bag 086,20240909,542,49.39,39.54,15.01,,,IMG_6950
bag 086,20240909,543,44.06,34.66,16.16,,,IMG_6950
bag 086,20240909,544,41.04,34.53,10,,,IMG_6950
bag 086,20240909,545,46.83,37.13,13.96,,,IMG_6950
bag 086,20240909,546,45.18,30.82,12.76,,,IMG_6950
bag 086,20240909,547,42.69,26.43,12.14,,,IMG_6950
bag 086,20240909,548,41,27.99,13.47,,,IMG_6950
bag 086,20240909,549,47.52,32.93,11.62,,,IMG_6950
bag 086,20240909,550,41.76,30.24,12.06,,,IMG_6950
bag 086,20240909,551,50.84,32.79,12.34,,,IMG_6950
bag 086,20240909,552,42.96,38.81,17.94,,,IMG_6950
bag 086,20240909,553,47.81,42.95,15.34,,,IMG_6950
bag 086,20240909,554,50.27,37.01,13.46,,,IMG_6950
bag 086,20240909,555,41.33,28.03,9.98,,,IMG_6950
bag 086,20240909,556,47.09,33.16,16.2,,,IMG_6950
bag 086,20240909,557,47.15,45.21,13.3,,,IMG_6950
bag 086,20240909,558,45.65,38.66,13.33,,,IMG_6950
bag 086,20240909,559,44.31,41.59,14.51,,,IMG_6950
bag 086,20240909,560,39.08,33.73,13.09,,,IMG_6950
bag 086,20240909,561,43.86,40.24,16.66,,,IMG_6950
bag 086,20240909,562,41.58,34.22,17.98,,,IMG_6950
bag 086,20240909,563,51.9,29.78,10.08,,,IMG_6950
bag 086,20240909,564,56.6,31.8,16.12,,,IMG_6950
bag 086,20240909,565,39.97,36.72,13.32,,,IMG_6950
bag 086,20240909,566,41.17,42.45,13.42,,,IMG_6950
bag 086,20240909,567,53.25,43.25,14.47,,,IMG_6950
bag 086,20240909,568,41.25,32.8,13.6,,,IMG_6950
bag 086,20240909,569,39.92,31.55,10.86,,,IMG_6950
bag 086,20240909,570,43.03,32.24,10.96,,,IMG_6950
bag 086,20240909,571,43.96,31.32,15.79,,,IMG_6950
bag 086,20240909,572,46.8,29.82,13.24,,,IMG_6950
bag 086,20240909,573,38.44,39.15,11.79,,,IMG_6950
bag 086,20240909,574,39.99,31.15,13.11,,,IMG_6950
bag 086,20240909,575,43.01,37.57,10.3,,,IMG_6950
bag 086,20240909,576,43.04,32.47,13.13,,,IMG_6950
bag 086,20240909,577,46.96,31.38,11.7,,,IMG_6950
bag 086,20240909,578,41.56,25.19,15.63,,,IMG_6950
bag 086,20240909,579,48.61,39.19,15.79,,,IMG_6950
bag 086,20240909,580,37.13,28.31,10.97,,,IMG_6950
bag 086,20240909,581,39.67,33.31,16.67,,,IMG_6950
bag 086,20240909,582,46.91,43.91,16.07,,,IMG_6950
bag 086,20240909,583,50.26,31.98,16.18,,,IMG_6951
bag 086,20240909,584,44.03,38.44,15.54,,,IMG_6951
bag 086,20240909,585,46.86,55.1,13.36,,,IMG_6951
bag 086,20240909,586,47.9,33.64,15.33,,,IMG_6951
bag 086,20240909,587,44.2,30.72,22.64,,,IMG_6951
bag 086,20240909,588,32.44,32.6,11.49,,,IMG_6951
bag 086,20240909,589,44.97,34.8,14.79,,,IMG_6951
bag 086,20240909,590,43.56,28.61,16.18,,,IMG_6951
bag 086,20240909,591,36.09,30.63,16.38,,,IMG_6951
bag 086,20240909,592,33.65,29.5,16.34,,,IMG_6951
bag 086,20240909,593,98.75,41.24,13.87,,,IMG_6951
bag 086,20240909,594,95.16,32.15,11.41,,,IMG_6951
bag 086,20240909,595,45.3,32.14,12.76,,,IMG_6951
bag 086,20240909,596,40.95,32.91,12.78,,,IMG_6951
bag 086,20240909,597,41.41,31.93,15.14,,,IMG_6951
bag 086,20240909,598,30.13,29.11,9.95,,,IMG_6951
bag 086,20240909,599,34.91,33.87,8.99,,,IMG_6951
bag 086,20240909,600,42,30.93,13.32,,,IMG_6951
bag 086,20240909,601,38.45,30.11,11.95,,,IMG_6951
bag 086,20240909,602,45.81,40.95,13.3,,,IMG_6951
bag 086,20240909,603,49.51,40.73,12.05,,,IMG_6951
bag 086,20240909,604,44.75,54.62,13.25,,,IMG_6951
bag 086,20240909,605,54.15,31.8,15.2,,,IMG_6951
bag 086,20240909,606,48.16,29.6,16.65,,,IMG_6951
bag 086,20240909,607,39.01,37.88,20.69,,,IMG_6951
bag 086,20240909,608,29.28,24.86,9.68,1,,IMG_6951
bag 095,20240909,609,37.86,40.42,11.72,,,IMG_6951
bag 095,20240909,610,44.24,37.72,11.44,,,IMG_6951
bag 095,20240909,611,59.61,42.27,18.5,,,IMG_6951
bag 095,20240909,612,42.11,30.12,16.48,,,IMG_6951
bag 095,20240909,613,42.45,29.11,11.42,,,IMG_6951
bag 095,20240909,614,40.61,32.45,12.9,,,IMG_6951
bag 095,20240909,615,40.24,28.15,15.24,,,IMG_6951
bag 095,20240909,616,41.12,30.68,11.48,,,IMG_6951
bag 095,20240909,617,40.74,29.63,14.87,,,IMG_6951
bag 095,20240909,618,41.97,34.25,12.7,,,IMG_6951
bag 095,20240909,619,42.76,29.43,11.43,,,IMG_6951
bag 095,20240909,620,39.14,21.58,12.45,,,IMG_6951
bag 095,20240909,621,39.13,34.57,17.02,,,IMG_6951
bag 095,20240909,622,50.9,42.08,18.39,,,IMG_6951
bag 095,20240909,623,48.16,27.56,12.97,,,IMG_6951
bag 095,20240909,624,53.21,33.11,15.61,,,IMG_6951
bag 095,20240909,625,35.91,35.16,11.63,,,IMG_6951
bag 095,20240909,626,37.01,31.37,15.61,,,IMG_6951
bag 095,20240909,627,40.61,37.52,13.75,,,IMG_6951
bag 095,20240909,628,43.84,38.31,24.11,,,IMG_6951
bag 095,20240909,629,43.5,30.74,14.05,,,IMG_6951
bag 095,20240909,630,39.01,42.89,14.75,,,IMG_6951
bag 095,20240909,631,38.01,38.19,16.2,,,IMG_6951
bag 095,20240909,632,47.2,39.95,13.11,,,IMG_6951
bag 095,20240909,633,41.7,41.31,14.19,,,IMG_6951
bag 095,20240909,634,48.96,32.98,14.08,,,IMG_6951
bag 095,20240909,635,47.85,26.81,11.62,,,IMG_6951
bag 095,20240909,636,45.82,26.47,17.11,,,IMG_6951
bag 095,20240909,637,36.97,25.1,12.33,,,IMG_6951
bag 095,20240909,638,44.78,40.44,12.74,,,IMG_6951
bag 095,20240909,639,48.22,30.11,12.36,,,IMG_6951
bag 095,20240909,640,46.17,29.93,22.09,,,IMG_6951
bag 095,20240909,641,34.63,28.11,11.81,,,IMG_6951
bag 095,20240909,642,40.83,32.7,13.6,,,IMG_6951
bag 095,20240909,643,38.01,30.53,15.31,,,IMG_6951
bag 095,20240909,644,36.73,36.12,13.33,,,IMG_6951
bag 095,20240909,645,42.13,40.65,12.42,,,IMG_6951
bag 095,20240909,646,42.75,34.52,16.11,,,IMG_6951
bag 095,20240909,647,50.98,32.48,12.07,,,IMG_6951
bag 095,20240909,648,44.16,41.24,18.54,,,IMG_6951
bag 095,20240909,649,33.43,26.61,9.15,,,IMG_6951
bag 095,20240909,650,28.88,25.43,15.11,,,IMG_6951
bag 095,20240909,651,39.42,36.7,10.75,,,IMG_6951
bag 095,20240909,652,47.32,34.03,15.95,,,IMG_6951
bag 095,20240909,653,37.92,37.11,15.43,,,IMG_6951
bag 095,20240909,654,44.66,47.53,11.74,,,IMG_6951
bag 095,20240909,655,51.05,37.78,16.51,,,IMG_6951
bag 095,20240909,656,40.55,34.21,14.93,,,IMG_6951
bag 095,20240909,657,43.68,27.95,14.97,,,IMG_6951
bag 095,20240909,658,40.73,39.82,16.32,,,IMG_6951
bag 095,20240909,659,44.12,31.96,11.9,,,IMG_6951
bag 095,20240909,660,34.13,39.15,14.19,,,IMG_6951
bag 095,20240909,661,42.61,31.61,12.3,,,IMG_6951
bag 095,20240909,662,41.96,31.91,12.72,,,IMG_6951
bag 095,20240909,663,42.38,34.2,14.7,,,IMG_6951
bag 095,20240909,664,41.92,28.55,10.78,,,IMG_6951
bag 095,20240909,665,34.27,37.21,12.98,,,IMG_6951
bag 095,20240909,666,42.53,40.3,13.62,,,IMG_6951
bag 095,20240909,667,44.65,34.32,14.68,,,IMG_6951
bag 095,20240909,668,39.06,35.02,14.63,,,IMG_6951
bag 095,20240909,669,45.29,30.44,13.94,,,IMG_6951
bag 095,20240909,670,44.65,34.41,14.99,,,IMG_6951
bag 095,20240909,671,52.99,25.38,12.18,,,IMG_6951
bag 095,20240909,672,43.36,36.5,13.51,,,IMG_6951
bag 095,20240909,673,39.91,29.82,13.86,,,IMG_6951
bag 095,20240909,674,48.26,35.8,15,,,IMG_6951
bag 095,20240909,675,42.2,28.29,15.22,1,,IMG_6951
bag 095,20240909,676,17.05,16.28,8.32,1,,IMG_6951
bag 095,20240909,677,90.69,30,12.99,,,IMG_6951
bag 095,20240909,678,63.61,43.1,13.11,,,IMG_6951
bag 095,20240909,679,47.01,32.78,15.72,,,IMG_6951
bag 095,20240909,680,35.05,27.22,14.45,,,IMG_6951
bag 095,20240909,681,34.92,35.81,15.41,,,IMG_6952
bag 095,20240909,682,51.5,40.94,11.6,,,IMG_6952
bag 095,20240909,683,36.3,30.97,15.28,,,IMG_6952
bag 095,20240909,684,37.36,35.74,16.55,,,IMG_6952
bag 095,20240909,685,44.06,36.52,13.72,,,IMG_6952
bag 095,20240909,686,41.98,41.19,14.99,,,IMG_6952
bag 095,20240909,687,47.22,32.11,16.01,,,IMG_6952
bag 095,20240909,688,37.62,30.93,14.11,,,IMG_6952
bag 095,20240909,689,49.98,31.91,16.11,,,IMG_6952
bag 095,20240909,690,48.67,32.15,12.92,,,IMG_6952
bag 095,20240909,691,40.51,28.71,12.71,,,IMG_6952
bag 095,20240909,692,48.36,30.01,13.5,,,IMG_6952
bag 095,20240909,693,44.7,29.86,13.96,,,IMG_6952
bag 095,20240909,694,37.25,37.79,13.16,,,IMG_6952
bag 095,20240909,695,40.37,32.59,11.76,,,IMG_6952
bag 095,20240909,696,38.95,27.68,13.6,,,IMG_6952
bag 095,20240909,697,46.47,39.33,13.56,,,IMG_6952
bag 095,20240909,698,39.55,33.2,18.33,,,IMG_6952
bag 095,20240909,699,47.42,30.94,15.73,,,IMG_6952
bag 095,20240909,700,39.22,35.6,15.37,,,IMG_6952
bag 095,20240909,701,40.18,33.7,17.7,,,IMG_6952
bag 095,20240909,702,39.06,35.38,13.44,,,IMG_6952
bag 095,20240909,703,41.45,29.64,13.57,,,IMG_6952
bag 095,20240909,704,50.82,30.62,15.74,,,IMG_6952
bag 095,20240909,705,40.3,30.32,16.22,,,IMG_6952
bag 095,20240909,706,45.88,31.37,15.27,,,IMG_6952
bag 095,20240909,707,49.02,36.64,16.71,,,IMG_6952
bag 095,20240909,708,36.7,31.75,14.01,,,IMG_6952
bag 095,20240909,709,41.04,36.44,13.51,,,IMG_6952
bag 095,20240909,710,41.72,36.62,13.87,,,IMG_6952
bag 088,20240909,711,41.09,33.96,13.42,,,IMG_6952
bag 088,20240909,712,42.3,33.96,14.85,,,IMG_6952
bag 088,20240909,713,53.96,37.8,15.5,,,IMG_6952
bag 088,20240909,714,43.79,41.31,20.57,,,IMG_6952
bag 088,20240909,715,41.09,38.29,14.07,,,IMG_6952
bag 088,20240909,716,39.32,39.02,13.58,,,IMG_6952
bag 088,20240909,717,45.15,30.14,12.05,,,IMG_6952
bag 088,20240909,718,41.97,34.95,17.68,,,IMG_6952
bag 088,20240909,719,48.06,33.18,17.65,,,IMG_6952
bag 088,20240909,720,46.06,32.16,15.87,,,IMG_6952
bag 088,20240909,721,36.8,30.19,15.06,,,IMG_6952
bag 088,20240909,722,43.74,31.05,13.93,,,IMG_6952
bag 088,20240909,723,49.19,41.16,16.8,,,IMG_6952
bag 088,20240909,724,49.02,39.48,16.27,,,IMG_6952
bag 088,20240909,725,42.99,39.2,14.31,,,IMG_6952
bag 088,20240909,726,40.05,30.05,13.73,,,IMG_6952
bag 088,20240909,727,50.65,34.01,18.15,,,IMG_6952
bag 088,20240909,728,58.81,38.39,19.94,,,IMG_6952
bag 088,20240909,729,55.47,40.76,15,,,IMG_6952
bag 088,20240909,730,46.69,37.03,10.05,,,IMG_6952
bag 088,20240909,731,45.51,30.26,19.45,,,IMG_6952
bag 088,20240909,732,48.11,35.28,18.6,,,IMG_6952
bag 088,20240909,733,49.39,34.34,18.91,,,IMG_6952
bag 088,20240909,734,51.16,38.71,15.93,,,IMG_6952
bag 088,20240909,735,47.36,32.07,8.69,,,IMG_6952
bag 088,20240909,736,36.17,31.61,9.45,,,IMG_6952
bag 088,20240909,737,37.71,34.01,11.73,,,IMG_6952
bag 088,20240909,738,43.17,31.62,16.94,,,IMG_6952
bag 088,20240909,739,41.35,29.47,12.16,,,IMG_6952
bag 088,20240909,740,44.11,32.51,15.03,,,IMG_6952
bag 088,20240909,741,44.78,33.24,17.13,,,IMG_6952
bag 088,20240909,742,49.49,41.7,20.91,,,IMG_6952
bag 088,20240909,743,50.64,40.78,13.14,,,IMG_6952
bag 088,20240909,744,44.49,36.53,14.02,,,IMG_6952
bag 088,20240909,745,37.62,33.11,15.73,,,IMG_6952
bag 088,20240909,746,44.12,33.04,14.48,,,IMG_6952
bag 088,20240909,747,51.61,38.72,14.73,,,IMG_6952
bag 088,20240909,748,45.45,34.1,16.86,,,IMG_6952
bag 088,20240909,749,46.96,31.69,17.59,,,IMG_6952
bag 088,20240909,750,44.63,30.65,11.55,,,IMG_6952
bag 088,20240909,751,46.68,29.27,14.91,,,IMG_6952
bag 088,20240909,752,32.67,31.42,15.8,,,IMG_6952
bag 088,20240909,753,47.51,36.48,14.21,,,IMG_6952
bag 088,20240909,754,41.93,38.91,15.46,,,IMG_6952
bag 088,20240909,755,44.15,35.68,19.71,,,IMG_6952
bag 088,20240909,756,44.65,33.92,13,,,IMG_6952
bag 088,20240909,757,42.36,28.22,17.75,,,IMG_6952
bag 088,20240909,758,51.02,36.72,16.82,,,IMG_6952
bag 088,20240909,759,50.32,35.37,14.23,,,IMG_6953
bag 088,20240909,760,40.48,35.43,18.42,,,IMG_6953
bag 088,20240909,761,45.56,38.17,16.28,,,IMG_6953
bag 088,20240909,762,40.73,28.62,15.26,,,IMG_6953
bag 088,20240909,763,38.87,24.74,13.89,,,IMG_6953
bag 088,20240909,764,41.16,31.91,12.67,,,IMG_6953
bag 088,20240909,765,46.92,33.43,12.83,,,IMG_6953
bag 088,20240909,766,48.52,37.49,16.01,,,IMG_6953
bag 088,20240909,767,41.82,34.92,12.58,,,IMG_6953
bag 088,20240909,768,43,36.59,15.63,,,IMG_6953
bag 088,20240909,769,35.31,37.08,16.47,,,IMG_6953
bag 088,20240909,770,37.03,31.42,11.67,,,IMG_6953
bag 088,20240909,771,53.46,35.97,13.47,,,IMG_6953
bag 088,20240909,772,43.54,30.69,12.18,,,IMG_6953
bag 088,20240909,773,53.78,37.24,14,,,IMG_6953
bag 088,20240909,774,40.89,28.01,11.92,,,IMG_6953
bag 088,20240909,775,37.15,27.3,14.87,,,IMG_6953
bag 088,20240909,776,43.78,43.26,13.53,,,IMG_6953
bag 088,20240909,777,44.76,36.18,16.43,,,IMG_6953
bag 088,20240909,778,37.15,32.16,11.1,,,IMG_6953
bag 088,20240909,779,45.03,35.72,13.6,,,IMG_6953
bag 088,20240909,780,57.54,40.12,14.3,,,IMG_6953
bag 088,20240909,781,45.37,37.08,13.85,,,IMG_6953
bag 088,20240909,782,42.35,28.02,13.88,,,IMG_6953
bag 088,20240909,783,41.32,30.25,13.13,,,IMG_6953
bag 088,20240909,784,44.82,27.75,16.84,,,IMG_6953
bag 088,20240909,785,50.06,39.42,15.21,,,IMG_6953
bag 088,20240909,786,47.58,37.17,16.01,,,IMG_6953
bag 088,20240909,787,49.49,42.18,14.03,,,IMG_6953
bag 088,20240909,788,33.61,27.04,12.11,,,IMG_6953
bag 088,20240909,789,50.55,17.65,11.35,,,IMG_6953
bag 088,20240909,790,41.13,38.27,12.27,,,IMG_6953
bag 088,20240909,791,34.66,37.31,11.57,,,IMG_6953
bag 088,20240909,792,41.06,38.29,12.61,,,IMG_6953
bag 088,20240909,793,37.74,31.77,15.13,,,IMG_6953
bag 088,20240909,794,40.77,39.91,16.62,,,IMG_6953
bag 088,20240909,795,44.41,38,10.78,,,IMG_6953
bag 088,20240909,796,50.47,34.8,16.12,,,IMG_6953
bag 088,20240909,797,40.76,32.28,15.76,,,IMG_6953
bag 088,20240909,798,52.36,38.1,15.24,,,IMG_6953
bag 088,20240909,799,39.17,31.22,13.47,,,IMG_6953
bag 088,20240909,800,47.36,37.32,15.26,,,IMG_6953
bag 088,20240909,801,38.61,35.39,15.3,,,IMG_6953
bag 088,20240909,802,41.76,35.48,22.98,,,IMG_6953
bag 088,20240909,803,31.87,29.22,12.73,,,IMG_6953
bag 088,20240909,804,47.13,34.07,15.45,,,IMG_6953
bag 088,20240909,805,47.39,30.56,21.32,,,IMG_6953
bag 088,20240909,806,42.08,30.35,13.13,,,IMG_6953
bag 088,20240909,807,41.72,28.91,17.84,,,IMG_6953
bag 088,20240909,808,36.99,39.91,14.4,,,IMG_6953
bag 088,20240909,809,46.46,41.38,15.03,,,IMG_6953
bag 088,20240909,810,51.26,35.1,15.18,,,IMG_6953
bag 096,20240909,811,47.43,34.5,15.61,,,IMG_6953
bag 096,20240909,812,60.07,32.88,18.85,,,IMG_6953
bag 096,20240909,813,50.31,27.98,13.98,,,IMG_6953
bag 096,20240909,814,51.32,29.13,17.35,,,IMG_6953
bag 096,20240909,815,45.37,30.81,14.24,,,IMG_6953
bag 096,20240909,816,41.08,24.89,11.3,,,IMG_6953
bag 096,20240909,817,48.49,29.65,12.27,,,IMG_6953
bag 096,20240909,818,34.29,26.01,12.47,,,IMG_6953
bag 096,20240909,819,46.79,30.13,15.27,,,IMG_6953
bag 096,20240909,820,41.57,39.12,13.42,,,IMG_6953
bag 096,20240909,821,46.77,27.3,15.42,,,IMG_6953
bag 096,20240909,822,47.24,31.21,14.31,,,IMG_6953
bag 096,20240909,823,59.43,35.24,19.82,,,IMG_6953
bag 096,20240909,824,63.2,33.51,17.59,,,IMG_6953
bag 096,20240909,825,40.45,36.18,13.66,,1,IMG_6953
bag 096,20240909,826,27.71,23,11.05,,1,IMG_6953
bag 096,20240909,827,55.07,27.64,14.77,,,IMG_6953
bag 096,20240909,828,64.35,33.11,17.11,,,IMG_6953
bag 096,20240909,829,47.47,26.73,19.51,,,IMG_6953
bag 096,20240909,830,38.48,25.3,15.77,,,IMG_6953
bag 096,20240909,831,46.7,30.64,12.79,,,IMG_6953
bag 096,20240909,832,52.13,37.46,14.16,,,IMG_6953
bag 096,20240909,833,34.21,30.39,12.58,,,IMG_6953
bag 096,20240909,834,40.1,25.62,14,,,IMG_6953
bag 096,20240909,835,37.42,36.71,12.42,,,IMG_6953
bag 096,20240909,836,54.54,30.18,18.94,,,IMG_6953
bag 096,20240909,837,45.32,30.09,11.6,,,IMG_6953
bag 096,20240909,838,43.58,31.64,16.13,,,IMG_6953
bag 096,20240909,839,51.94,31.76,14.29,,,IMG_6953
bag 096,20240909,840,39.19,26.15,9.82,,,IMG_6953
bag 096,20240909,841,56.73,35.23,13.62,,,IMG_6953
bag 096,20240909,842,38.42,31.78,13.73,,,IMG_6953
bag 096,20240909,843,46.51,37.14,16.38,,,IMG_6953
bag 096,20240909,844,43.27,36.14,17.48,,,IMG_6953
bag 096,20240909,845,46.13,26.11,16.15,,,IMG_6953
bag 096,20240909,846,42.05,29.09,18.03,,,IMG_6953
bag 096,20240909,847,51.2,34.57,13.56,,,IMG_6953
bag 096,20240909,848,39.73,34.09,14.91,,,IMG_6953
bag 096,20240909,849,44.2,24.34,15.99,,,IMG_6954
bag 096,20240909,850,54.07,37.87,15.43,,,IMG_6954
bag 096,20240909,851,47.15,32.5,20.99,,,IMG_6954
bag 096,20240909,852,48.26,33.03,19.17,,,IMG_6954
bag 096,20240909,853,40,21.53,9.5,,,IMG_6954
bag 096,20240909,854,41.64,23.38,15.83,,,IMG_6954
bag 096,20240909,855,43,31.22,15.82,,,IMG_6954
bag 096,20240909,856,36.84,29.1,11.42,,,IMG_6954
bag 096,20240909,857,35.65,24.25,9.09,,,IMG_6954
bag 096,20240909,858,41.01,31.53,17.6,,,IMG_6954
bag 096,20240909,859,37.72,33.97,14.52,,,IMG_6954
bag 096,20240909,860,42.24,35.33,10.63,,,IMG_6954
bag 096,20240909,861,42.91,26.57,12.37,,,IMG_6954
bag 096,20240909,862,42.41,30.95,16.66,,,IMG_6954
bag 096,20240909,863,53.46,31.45,22.1,,,IMG_6954
bag 096,20240909,864,32.53,37.96,18.83,,,IMG_6954
bag 096,20240909,865,44.25,24.26,9.59,,,IMG_6954
bag 096,20240909,866,45.9,40.24,14.58,,,IMG_6954
bag 096,20240909,867,35.81,30.1,17.07,,,IMG_6954
bag 096,20240909,868,46.57,36.06,14.66,,,IMG_6954
bag 096,20240909,869,45.73,32.77,15.21,,,IMG_6954
bag 096,20240909,870,46.3,30.36,15.64,,,IMG_6954
bag 096,20240909,871,43.92,32.95,13.74,,,IMG_6954
bag 096,20240909,872,32.89,25.5,12.3,,,IMG_6954
bag 096,20240909,873,29.48,26.57,11.37,,,IMG_6954
bag 096,20240909,874,36.36,24.94,15.89,,,IMG_6954
bag 096,20240909,875,39.42,27.49,14.74,,,IMG_6954
bag 096,20240909,876,43.57,31.94,15.24,,,IMG_6954
bag 096,20240909,877,47.13,31.03,14.13,,,IMG_6954
bag 096,20240909,878,38.18,32.24,14.33,,,IMG_6954
bag 096,20240909,879,38.3,29.8,22.4,,,IMG_6954
bag 096,20240909,880,43.02,31.92,17.2,,,IMG_6954
bag 096,20240909,881,51.58,34.64,13.2,,,IMG_6954
bag 096,20240909,882,38.37,28.56,16.76,,,IMG_6954
bag 096,20240909,883,38.8,35.65,16.21,,,IMG_6954
bag 096,20240909,884,34.78,30.21,10.24,,,IMG_6954
bag 096,20240909,885,44.01,26.05,13.23,,,IMG_6954
bag 096,20240909,886,38.74,28.95,13.86,,,IMG_6954
bag 096,20240909,887,51.37,31.45,13.46,,,IMG_6954
bag 096,20240909,888,39.23,25.32,12.86,,,IMG_6954
bag 096,20240909,889,40.98,36.77,16.09,,,IMG_6954
bag 096,20240909,890,40.39,28.96,13.91,,,IMG_6954
bag 096,20240909,891,44.85,25.21,13.03,,,IMG_6954
bag 096,20240909,892,48.6,35.92,12.4,,,IMG_6954
bag 096,20240909,893,45.26,26.19,12.8,,,IMG_6954
bag 096,20240909,894,44.83,27.72,14.62,,,IMG_6954
bag 096,20240909,895,39.7,25.84,13.1,,,IMG_6954
bag 096,20240909,896,56.03,15.78,15.78,,,IMG_6954
bag 096,20240909,897,44.76,30.36,14.26,,,IMG_6954
bag 096,20240909,898,42.88,27.21,19.28,,,IMG_6954
bag 096,20240909,899,42.42,34.01,16.53,,,IMG_6954
bag 096,20240909,900,38.05,33.61,17.73,,,IMG_6954
bag 096,20240909,901,48.44,36.27,15.46,,,IMG_6954
bag 096,20240909,902,40.15,37.74,12.53,,,IMG_6954
bag 096,20240909,903,47.05,34.37,13.52,,,IMG_6954
bag 096,20240909,904,36.11,28.39,17.06,,,IMG_6954
bag 096,20240909,905,47.33,25.97,17.1,,,IMG_6954
bag 096,20240909,906,33.93,31.03,10.66,,,IMG_6954
bag 096,20240909,907,31.71,28.59,13.96,,,IMG_6954
bag 096,20240909,908,41.22,29.37,12.24,,,IMG_6954
bag 096,20240909,909,35.47,29.95,12.91,,,IMG_6954
bag 096,20240909,910,42.62,25.45,14.4,,,IMG_6954
bag 096,20240909,911,41.53,28.06,15.81,,,IMG_6954
bag 094,20240909,912,36.2,27.59,10.58,,,IMG_6954
bag 094,20240909,913,49.19,42.25,19.69,,,IMG_6954
bag 094,20240909,914,45.5,37.25,14.44,,,IMG_6954
bag 094,20240909,915,51.98,31.86,12.6,,,IMG_6954
bag 094,20240909,916,41.28,36.46,10.97,,,IMG_6954
bag 094,20240909,917,34.48,27.21,11.49,,,IMG_6954
bag 094,20240909,918,39.88,37.23,16.69,,,IMG_6954
bag 094,20240909,919,55.16,45.17,12.45,,,IMG_6954
bag 094,20240909,920,47.37,43.43,14.39,,,IMG_6954
bag 094,20240909,921,58.96,42.63,17.8,,,IMG_6954
bag 094,20240909,922,44.3,26.64,10.01,,,IMG_6954
bag 094,20240909,923,47.22,31.28,17.01,,,IMG_6954
bag 094,20240909,924,43.02,27.8,13.85,,,IMG_6954
bag 094,20240909,925,39.43,33.1,10,,,IMG_6954
bag 094,20240909,926,37.79,35.62,13.41,,,IMG_6954
bag 094,20240909,927,51.66,44.93,15.11,,,IMG_6954
bag 094,20240909,928,46.85,38.48,13.86,,,IMG_6954
bag 094,20240909,929,41.1,30.58,13.84,,,IMG_6954
bag 094,20240909,930,43.86,33.38,16.61,,,IMG_6954
bag 094,20240909,931,46.74,34.08,14.76,,,IMG_6954
bag 094,20240909,932,40.54,28.87,17.99,,,IMG_6954
bag 094,20240909,933,45.47,40.46,14.07,,,IMG_6954
bag 094,20240909,934,41.02,31.84,13.63,,,IMG_6954
bag 094,20240909,935,38.49,32.94,13.93,,,IMG_6954
bag 094,20240909,936,36.4,34.49,12.25,,,IMG_6954
bag 094,20240909,937,51.4,26.61,12.47,,,IMG_6954
bag 094,20240909,938,41.88,39.27,12.48,,,IMG_6954
bag 094,20240909,939,50.07,36.85,18.17,,,IMG_6954
bag 094,20240909,940,42.02,37.08,16.52,,,IMG_6954
bag 094,20240909,941,40.82,36.92,15.34,,,IMG_6954
bag 094,20240909,942,46.57,37.85,16.11,,,IMG_6954
bag 094,20240909,943,51.75,46.49,16.78,,,IMG_6954
bag 094,20240909,944,44.66,44.78,11.46,,,IMG_6956
bag 094,20240909,945,44.59,30.31,14.38,,,IMG_6956
bag 094,20240909,946,48.2,44.39,14.36,,,IMG_6956
bag 094,20240909,947,42.25,28.98,16.06,,,IMG_6956
bag 094,20240909,948,43.42,35.76,13.66,,,IMG_6956
bag 094,20240909,949,50.02,41.24,15.3,,,IMG_6956
bag 094,20240909,950,59.02,42.9,14.5,,,IMG_6956
bag 094,20240909,951,35.25,44.25,13.93,,,IMG_6956
bag 094,20240909,952,37.81,28.11,11.87,,,IMG_6956
bag 094,20240909,953,44.5,30.31,11,,,IMG_6956
bag 094,20240909,954,39.89,36.27,15.87,,,IMG_6956
bag 094,20240909,955,46.02,36.12,15.9,,,IMG_6956
bag 094,20240909,956,42.75,32.32,13.7,,,IMG_6956
bag 094,20240909,957,46.3,34.02,16.94,,,IMG_6956
bag 094,20240909,958,41.07,31.44,11.45,,,IMG_6956
bag 094,20240909,959,43.87,33.08,16.65,,,IMG_6956
bag 094,20240909,960,40.64,33.63,12.26,,,IMG_6956
bag 094,20240909,961,34.89,27.64,11.21,,,IMG_6956
bag 094,20240909,962,42.59,27.85,14.42,,,IMG_6956
bag 094,20240909,963,45.98,33.46,15.86,,,IMG_6956
bag 094,20240909,964,42.84,30.82,13.83,,,IMG_6956
bag 094,20240909,965,44.98,32.37,13.9,,,IMG_6956
bag 094,20240909,966,43.2,28.25,19.39,,,IMG_6956
bag 094,20240909,967,35.64,38.3,15.15,,,IMG_6956
bag 094,20240909,968,42.45,30.85,14.01,,,IMG_6956
bag 094,20240909,969,46.84,33.96,11.43,,,IMG_6956
bag 094,20240909,970,43.27,28.67,9.71,,,IMG_6956
bag 094,20240909,971,35.42,34.5,14.86,,,IMG_6956
bag 094,20240909,972,38.43,43.07,14.95,,,IMG_6956
bag 094,20240909,973,50.69,43.62,12.11,,,IMG_6956
bag 094,20240909,974,42.76,35.53,14.05,,,IMG_6956
bag 094,20240909,975,39.44,33.31,13.75,,,IMG_6956
bag 094,20240909,976,45.84,36.02,15.75,,,IMG_6956
bag 094,20240909,977,64.24,40.48,18.94,,,IMG_6956
bag 094,20240909,978,42.48,33.06,19.95,,,IMG_6956
bag 094,20240909,979,47.27,38.18,13.61,,,IMG_6956
bag 094,20240909,980,53.34,36.75,12.44,,,IMG_6956
bag 094,20240909,981,44.56,33.65,15.01,,,IMG_6956
bag 094,20240909,982,53.69,36.96,14.65,,,IMG_6956
bag 094,20240909,983,37.46,29.37,13.43,,,IMG_6956
bag 094,20240909,984,46.55,46.05,13.16,,,IMG_6956
bag 094,20240909,985,44.14,38.84,13.52,,,IMG_6956
bag 094,20240909,986,46.97,35.91,11.6,,,IMG_6956
bag 094,20240909,987,48.01,30.01,18.31,,,IMG_6956
bag 094,20240909,988,36.12,27.92,14.02,,,IMG_6956
bag 094,20240909,989,41.7,33.17,11.26,,,IMG_6956
bag 094,20240909,990,42,32.25,17.29,,,IMG_6956
bag 094,20240909,991,45.85,32,13.51,,,IMG_6956
bag 094,20240909,992,40.53,41.67,14,,,IMG_6956
bag 094,20240909,993,43.57,44.44,13.86,,,IMG_6956
bag 094,20240909,994,41.15,32.76,14.28,,,IMG_6956
bag 094,20240909,995,44.66,38.75,12.32,,,IMG_6956
bag 094,20240909,996,55.75,44.7,16.05,,,IMG_6956
bag 094,20240909,997,51.64,25.64,14.26,,,IMG_6956
bag 094,20240909,998,38.3,35.42,13.54,,,IMG_6956
bag 094,20240909,999,37.06,35.06,13.38,,,IMG_6956
bag 094,20240909,1000,47.6,31.81,13.75,,,IMG_6956
bag 094,20240909,1001,33.5,38.65,12.67,,,IMG_6956
bag 094,20240909,1002,44.96,37.7,14.84,,,IMG_6956
bag 094,20240909,1003,43.93,29.41,15.2,,,IMG_6956
bag 094,20240909,1004,37.99,50.13,13.1,,,IMG_6956
bag 094,20240909,1005,46.66,36.33,13.58,,,IMG_6956
bag 094,20240909,1006,50.12,30.4,13.52,,,IMG_6956
bag 094,20240909,1007,38.23,39.06,15.69,,,IMG_6956
bag 094,20240909,1008,45.52,34.12,15.75,,,IMG_6956
bag 094,20240909,1009,50,35.54,13.74,,,IMG_6956
bag 094,20240909,1010,42.85,38.53,10.63,,,IMG_6956
bag 094,20240909,1011,53.65,37.45,15.05,,,IMG_6956
bag 094,20240909,1012,44.77,36.69,11.48,,,IMG_6956
bag 094,20240909,1013,20.31,15.43,3.11,1,,IMG_6956
bag 087,20240909,1014,46.09,44.43,16.33,,,IMG_6956
bag 087,20240909,1015,36.7,42.4,13.95,,,IMG_6956
bag 087,20240909,1016,48.22,37,12.76,,,IMG_6956
bag 087,20240909,1017,36.49,36.87,19,,,IMG_6956
bag 087,20240909,1018,43.95,39.16,14.13,,,IMG_6956
bag 087,20240909,1019,43.41,30.63,11.7,,,IMG_6956
bag 087,20240909,1020,44.54,31.41,12.6,,,IMG_6956
bag 087,20240909,1021,34.76,25,11.59,,,IMG_6956
bag 087,20240909,1022,39.81,33.9,12.3,,,IMG_6956
bag 087,20240909,1023,35.95,37.29,12.22,,,IMG_6956
bag 087,20240909,1024,35.03,29.95,17.9,,,IMG_6956
bag 087,20240909,1025,37,36.66,11.11,,,IMG_6956
bag 087,20240909,1026,36.71,37.79,13.02,,,IMG_6956
bag 087,20240909,1027,41.64,29.37,15.13,,,IMG_6956
bag 087,20240909,1028,38.48,33.88,15.8,,,IMG_6956
bag 087,20240909,1029,43.09,37.08,16.26,,,IMG_6956
bag 087,20240909,1030,38.2,31.2,10.75,,,IMG_6956
bag 087,20240909,1031,43.21,29.51,17.23,,,IMG_6956
bag 087,20240909,1032,39.44,30.04,16.03,,,IMG_6956
bag 087,20240909,1033,52.04,26.33,14.82,,,IMG_6956
bag 087,20240909,1034,38.88,33.2,11.95,,,IMG_6956
bag 087,20240909,1035,43.06,33.37,13.11,,,IMG_6956
bag 087,20240909,1036,30.59,32.71,14.79,,,IMG_6956
bag 087,20240909,1037,44.46,27.53,12.11,,,IMG_6956
bag 087,20240909,1038,49.19,37.68,15.55,,,IMG_6956
bag 087,20240909,1039,47.45,35.9,11.79,,,IMG_6956
bag 087,20240909,1040,42.97,30.71,12.57,,,IMG_6956
bag 087,20240909,1041,46.67,35.42,16.95,,,IMG_6956