date,bag,oyster,treatment,Predicted_Volume_Poly,experiment
20250528,G100,1,Treated,15147.10119836049,Temperature
20250528,G100,2,Treated,42414.46644230598,Temperature
20250528,G100,3,Treated,22247.26215720748,Temperature
20250528,G100,4,Treated,10477.633395301746,Temperature
20250528,G100,5,Treated,42300.93160484089,Temperature
20250528,G100,6,Treated,73641.07772220192,Temperature
20250528,G100,7,Treated,59743.1062579679,Temperature
20250528,G100,8,Treated,23572.538616161997,Temperature
20250528,G100,9,Treated,23775.111267960045,Temperature
20250528,G100,10,Treated,35104.0348228603,Temperature
20250528,G100,11,Treated,42114.52202568657,Temperature
20250528,G100,12,Treated,68169.50527545017,Temperature
20250528,G100,13,Treated,33822.92577288687,Temperature
20250528,G100,14,Treated,73428.01283814844,Temperature
20250528,G100,15,Treated,56928.4586376412,Temperature
20250528,G100,16,Treated,30865.56267193794,Temperature
20250528,G100,17,Treated,37457.473632447894,Temperature
20250528,G100,18,Treated,31040.85511891444,Temperature
20250528,G100,19,Treated,19977.46050091314,Temperature
20250528,G100,20,Treated,26980.918248655893,Temperature
20250528,G100,21,Treated,35151.44028608611,Temperature
20250528,G100,22,Treated,21803.28318070609,Temperature
20250528,G100,23,Treated,28026.06167687184,Temperature
20250528,G100,24,Treated,27508.52334192126,Temperature
20250528,G100,25,Treated,35819.7802076368,Temperature
20250528,G100,26,Treated,30028.842756304664,Temperature
20250528,G100,27,Treated,46125.85818860704,Temperature
20250528,G100,28,Treated,48677.6793250683,Temperature
20250528,G100,29,Treated,82909.19902402414,Temperature
20250528,G100,30,Treated,27876.081785234077,Temperature
20250528,G100,31,Treated,24100.414852787115,Temperature
20250528,G100,32,Treated,26257.053333733267,Temperature
20250528,G100,33,Treated,36262.75584996284,Temperature
20250528,G100,34,Treated,41186.55218607175,Temperature
20250528,G100,35,Treated,33494.894561351786,Temperature
20250528,G100,36,Treated,11823.69527650976,Temperature
20250528,G100,37,Treated,43976.27044891306,Temperature
20250528,G100,38,Treated,16333.901012367442,Temperature
20250528,G100,39,Treated,26120.211633425293,Temperature
20250528,G098,1,Treated,73328.78011142285,Temperature
20250528,G098,2,Treated,48246.94378938397,Temperature
20250528,G098,3,Treated,10904.695996306167,Temperature
20250528,G098,4,Treated,29664.14496156046,Temperature
20250528,G098,5,Treated,15534.062001342532,Temperature
20250528,G098,6,Treated,10361.368713977181,Temperature
20250528,G098,7,Treated,8381.231003677167,Temperature
20250528,G098,8,Treated,59098.004329071904,Temperature
20250528,G098,9,Treated,20608.71537834965,Temperature
20250528,G098,10,Treated,34633.05956176443,Temperature
20250528,G098,11,Treated,84498.64537251071,Temperature
20250528,G098,12,Treated,34802.410059350776,Temperature
20250528,G098,13,Treated,16729.19953915105,Temperature
20250528,G098,14,Treated,35950.69290367877,Temperature
20250528,G098,15,Treated,61319.2398233722,Temperature
20250528,G098,16,Treated,41675.51581855379,Temperature
20250528,G098,17,Treated,23259.822427592935,Temperature
20250528,G098,18,Treated,51944.794374792,Temperature
20250528,G098,19,Treated,37530.185658749004,Temperature
20250528,G098,20,Treated,66115.12810596102,Temperature
20250528,G098,21,Treated,29055.989660648174,Temperature
20250528,G098,22,Treated,54835.70558278842,Temperature
20250528,G098,23,Treated,6759.77369910967,Temperature
20250528,G098,24,Treated,39527.87320325727,Temperature
20250528,G098,25,Treated,16548.36075041126,Temperature
20250528,G098,26,Treated,27751.17466586773,Temperature
20250528,G098,27,Treated,12189.202512867152,Temperature
20250528,G098,28,Treated,87073.34711239213,Temperature
20250528,G098,29,Treated,48101.865999819536,Temperature
20250528,G098,30,Treated,17822.85647257481,Temperature
20250528,G098,31,Treated,25869.98784400708,Temperature
20250528,G098,32,Treated,23749.235457472292,Temperature
20250528,G098,33,Treated,40849.91771975809,Temperature
20250528,G098,34,Treated,43872.025090555166,Temperature
20250528,G098,35,Treated,16897.31022920176,Temperature
20250528,G098,36,Treated,40422.27278501285,Temperature
20250528,G098,37,Treated,42765.07218698641,Temperature
20250528,G098,38,Treated,65232.171852246945,Temperature
20250528,G098,39,Treated,93533.63270978657,Temperature
20250528,G098,40,Treated,26047.25034322591,Temperature
20250528,G098,41,Treated,35867.35358438198,Temperature
20250528,G098,42,Treated,60432.65318210244,Temperature
20250528,G098,43,Treated,9612.09240989184,Temperature
20250528,G098,44,Treated,51696.11516087249,Temperature
20250528,G098,45,Treated,19617.389778581866,Temperature
20250528,G098,46,Treated,103914.72908595219,Temperature
20250528,G098,47,Treated,47648.74075433285,Temperature
20250528,G098,48,Treated,23612.191958105042,Temperature
20250528,G096,1,Control,20364.70282872463,Temperature
20250528,G096,2,Control,18306.95848408978,Temperature
20250528,G096,3,Control,11439.475511103374,Temperature
20250528,G096,4,Control,16281.238355958232,Temperature
20250528,G096,5,Control,20425.377944842625,Temperature
20250528,G096,6,Control,26878.642764734297,Temperature
20250528,G096,7,Control,11700.307108696712,Temperature
20250528,G096,8,Control,11072.39321616771,Temperature
20250528,G096,9,Control,19018.986923429973,Temperature
20250528,G096,10,Control,9589.155241324346,Temperature
20250528,G096,11,Control,14599.029348722805,Temperature
20250528,G096,12,Control,9720.287013738587,Temperature
20250528,G096,13,Control,11952.693862598222,Temperature
20250528,G096,14,Control,23726.196215791173,Temperature
20250528,G096,15,Control,19512.518701368746,Temperature
20250528,G096,16,Control,13979.729472737372,Temperature
20250528,G096,17,Control,15506.214223376832,Temperature
20250528,G096,18,Control,9205.794570075737,Temperature
20250528,G096,19,Control,13717.28516044502,Temperature
20250528,G096,20,Control,13157.678528276785,Temperature
20250528,G096,21,Control,15998.881482776434,Temperature
20250528,G096,22,Control,15160.828379107168,Temperature
20250528,G096,23,Control,8960.676719457075,Temperature
20250528,G096,24,Control,14169.546856184337,Temperature
20250528,G096,25,Control,17983.179691765345,Temperature
20250528,G096,26,Control,10196.106398802838,Temperature
20250528,G096,27,Control,17839.972219130126,Temperature
20250528,G096,28,Control,12873.897363468439,Temperature
20250528,G096,29,Control,20327.55242148753,Temperature
20250528,G096,30,Control,15769.573357545363,Temperature
20250528,G096,31,Control,22955.12344334847,Temperature
20250528,G096,32,Control,14180.962542418894,Temperature
20250528,G096,33,Control,11554.454356471986,Temperature
20250528,G096,34,Control,16357.11713489934,Temperature
20250528,G096,35,Control,11717.702063908942,Temperature
20250528,G096,36,Control,17665.110742607314,Temperature
20250528,G096,37,Control,12402.465767753438,Temperature
20250528,G096,38,Control,21981.19016627917,Temperature
20250528,G096,39,Control,19549.421946731713,Temperature
20250528,G096,40,Control,16023.400399470453,Temperature
20250528,G096,41,Control,22494.96014985074,Temperature
20250528,G096,42,Control,16018.305605260053,Temperature
20250528,G096,43,Control,16125.854870029523,Temperature
20250528,G096,44,Control,15047.799250801703,Temperature
20250528,G096,45,Control,21792.25440590094,Temperature
20250528,G096,46,Control,17133.860388950765,Temperature
20250528,G096,47,Control,36270.26181962912,Temperature
20250528,G096,48,Control,20948.02602383947,Temperature
20250528,G096,49,Control,18490.014805627732,Temperature
20250528,G096,50,Control,7212.611176338395,Temperature
20250528,G096,51,Control,11415.64364939706,Temperature
20250528,G094,1,Control,58113.73954748789,Temperature
20250528,G094,2,Control,51320.3268882682,Temperature
20250528,G094,3,Control,35652.974190148576,Temperature
20250528,G094,4,Control,70503.96061886332,Temperature
20250528,G094,5,Control,64362.690035757725,Temperature
20250528,G094,6,Control,58748.075213294556,Temperature
20250528,G094,7,Control,47860.711377681844,Temperature
20250528,G094,8,Control,28135.950044355715,Temperature
20250528,G094,9,Control,36051.78415233367,Temperature
20250528,G094,10,Control,65468.09343793971,Temperature
20250528,G094,11,Control,39842.24264524354,Temperature
20250528,G094,12,Control,27383.748357265315,Temperature
20250528,G094,13,Control,31916.611477352217,Temperature
20250528,G094,14,Control,73861.57971646677,Temperature
20250528,G094,15,Control,20023.069197600453,Temperature
20250528,G094,16,Control,56531.07090529117,Temperature
20250528,G094,17,Control,51407.62969320031,Temperature
20250528,G094,18,Control,39555.13862723225,Temperature
20250528,G094,19,Control,77405.97006236302,Temperature
20250528,G094,20,Control,75909.76578416246,Temperature
20250528,G094,21,Control,91007.17505525214,Temperature
20250528,G094,22,Control,36264.05243206866,Temperature
20250528,G094,23,Control,34334.20165520948,Temperature
20250528,G094,24,Control,84494.16757039267,Temperature
20250528,G094,25,Control,38090.14627703272,Temperature
20250528,G094,26,Control,66891.34165071373,Temperature
20250528,G094,27,Control,58899.304498234866,Temperature
20250528,G094,28,Control,53770.04322388457,Temperature
20250528,G094,29,Control,53093.1142188161,Temperature
20250528,G094,30,Control,50518.39637051128,Temperature
20250528,G094,31,Control,14273.617186078081,Temperature
20250528,G094,32,Control,46323.40792155969,Temperature
20250528,G094,33,Control,43163.713238366734,Temperature
20250528,G094,34,Control,72029.11401624797,Temperature
20250528,G094,35,Control,19060.413604771496,Temperature
20250528,G094,36,Control,88894.19032252948,Temperature
20250528,G095,1,Control,76018.1942940555,Temperature
20250528,G095,2,Control,51632.299048235895,Temperature
20250528,G095,3,Control,30878.190772058148,Temperature
20250528,G095,4,Control,73337.828254068,Temperature
20250528,G095,5,Control,77742.83211184219,Temperature
20250528,G095,6,Control,127276.16948176893,Temperature
20250528,G095,7,Control,35371.2308559,Temperature
20250528,G095,8,Control,50138.940950805525,Temperature
20250528,G095,9,Control,123483.42604149929,Temperature
20250528,G095,10,Control,31179.016521624366,Temperature
20250528,G095,11,Control,34216.0460933347,Temperature
20250528,G095,12,Control,36727.925102998975,Temperature
20250528,G095,13,Control,29293.632242175496,Temperature
20250528,G095,14,Control,94911.7209675201,Temperature
20250528,G095,15,Control,81910.17907740179,Temperature
20250528,G095,16,Control,119514.16547032633,Temperature
20250528,G095,17,Control,41605.14324690888,Temperature
20250528,G095,18,Control,87173.50910567619,Temperature
20250528,G095,19,Control,59995.14199864797,Temperature
20250528,G095,20,Control,74267.04124693626,Temperature
20250528,G095,21,Control,80522.55048368587,Temperature
20250528,G095,22,Control,54862.80336153182,Temperature
20250528,G095,23,Control,72748.69891766881,Temperature
20250528,G095,24,Control,71852.8677797685,Temperature
20250528,G095,25,Control,55284.450666373916,Temperature
20250528,G095,26,Control,58177.632689016864,Temperature
20250528,G095,27,Control,39716.41918501862,Temperature
20250528,G095,28,Control,73243.99757048239,Temperature
20250528,G095,29,Control,77408.78772554071,Temperature
20250528,G095,30,Control,26494.754325291033,Temperature
20250528,G095,31,Control,71098.08343769614,Temperature
20250528,G095,32,Control,82058.208790694,Temperature
20250528,G095,33,Control,78640.01663513026,Temperature
20250528,G095,34,Control,65710.04372342574,Temperature
20250528,G095,35,Control,80509.10057404173,Temperature
20250528,G097,1,Control,77318.77683592781,Temperature
20250528,G097,2,Control,46413.75092219747,Temperature
20250528,G097,3,Control,60800.10302176855,Temperature
20250528,G097,4,Control,68280.33621174475,Temperature
20250528,G097,5,Control,48898.28023973542,Temperature
20250528,G097,6,Control,149051.3372016082,Temperature
20250528,G097,7,Control,42108.17919533759,Temperature
20250528,G097,8,Control,37532.636595135984,Temperature
20250528,G097,9,Control,69595.1215934718,Temperature
20250528,G097,10,Control,60696.41851611605,Temperature
20250528,G097,11,Control,69790.87807175658,Temperature
20250528,G097,12,Control,56028.00726630525,Temperature
20250528,G097,13,Control,70636.24204542239,Temperature
20250528,G097,14,Control,60788.949828273646,Temperature
20250528,G097,15,Control,74611.09684314462,Temperature
20250528,G097,16,Control,58887.040055185025,Temperature
20250528,G097,17,Control,48031.938503375895,Temperature
20250528,G097,18,Control,40523.17317707991,Temperature
20250528,G097,19,Control,91749.88377210645,Temperature
20250528,G097,20,Control,57697.40094580545,Temperature
20250528,G097,21,Control,54671.31671695011,Temperature
20250528,G097,22,Control,55762.61636088903,Temperature
20250528,G097,23,Control,69802.2340902732,Temperature
20250528,G097,24,Control,45787.84749343112,Temperature
20250528,G097,25,Control,66682.13212811996,Temperature
20250528,G097,26,Control,57092.16729902158,Temperature
20250528,G097,27,Control,22522.099678399798,Temperature
20250528,G097,28,Control,56388.970959632345,Temperature
20250528,G097,29,Control,75233.18488288744,Temperature
20250528,G097,30,Control,48202.1181826798,Temperature
20250528,G097,31,Control,50777.565651703015,Temperature
20250528,G099,1,Treated,40738.60754973412,Temperature
20250528,G099,2,Treated,16681.004761858792,Temperature
20250528,G099,3,Treated,33441.880625629696,Temperature
20250528,G099,4,Treated,52205.61678803614,Temperature
20250528,G099,5,Treated,72965.35945784874,Temperature
20250528,G099,6,Treated,19015.526323256996,Temperature
20250528,G099,7,Treated,52563.06581733466,Temperature
20250528,G099,8,Treated,8079.693192209374,Temperature
20250528,G099,9,Treated,31003.971181276505,Temperature
20250528,G099,10,Treated,66483.12307979428,Temperature
20250528,G099,11,Treated,32449.22950773206,Temperature
20250528,G099,12,Treated,56801.52374112503,Temperature
20250528,G099,13,Treated,18899.66033819917,Temperature
20250528,G099,14,Treated,51980.26449194585,Temperature
20250528,G099,15,Treated,34119.227208337266,Temperature
20250528,G099,16,Treated,22030.438569708927,Temperature
20250528,G099,17,Treated,76006.16859697484,Temperature
20250528,G099,18,Treated,62610.380720956484,Temperature
20250528,G099,19,Treated,75831.35229735235,Temperature
20250528,G099,20,Treated,85157.20354922225,Temperature
20250528,G099,21,Treated,58474.80402079496,Temperature
20250528,G099,22,Treated,87908.44608322185,Temperature
20250528,G099,23,Treated,36875.61828002625,Temperature
20250528,G099,24,Treated,34830.82618715896,Temperature
20250528,G099,25,Treated,33762.757472320496,Temperature
20250528,G099,26,Treated,38301.1696299497,Temperature
20250528,G099,27,Treated,25828.135393596516,Temperature
20250528,G099,28,Treated,58628.68841492908,Temperature
20250528,G099,29,Treated,32539.774623398367,Temperature
20250528,G099,30,Treated,94253.72121264726,Temperature
20250528,G099,31,Treated,64487.16420859089,Temperature
20250528,G099,32,Treated,41201.42991063381,Temperature
20250528,G099,33,Treated,13633.259670582911,Temperature
20251006,G094,1,Control,157549.43915606212,Temperature
20251006,G094,2,Control,116619.79887960882,Temperature
20251006,G094,3,Control,108589.12042116691,Temperature
20251006,G094,4,Control,266882.4246633601,Temperature
20251006,G094,5,Control,140973.9899257169,Temperature
20251006,G094,6,Control,128000.69991167643,Temperature
20251006,G094,7,Control,96637.70147501398,Temperature
20251006,G094,8,Control,140052.94687588618,Temperature
20251006,G094,9,Control,115364.43596663685,Temperature
20251006,G094,10,Control,140758.04583111705,Temperature
20251006,G094,11,Control,64231.753559899946,Temperature
20251006,G094,12,Control,107069.68130272249,Temperature
20251006,G094,13,Control,64906.34369252173,Temperature
20251006,G094,14,Control,98125.39165438089,Temperature
20251006,G094,15,Control,135915.05711828408,Temperature
20251006,G094,16,Control,85468.01009300658,Temperature
20251006,G094,18,Control,79770.67446599143,Temperature
20251006,G094,19,Control,141912.58708518304,Temperature
20251006,G094,20,Control,143771.61584073157,Temperature
20251006,G094,21,Control,211188.20148372414,Temperature
20251006,G094,22,Control,44596.0390137749,Temperature
20251006,G094,23,Control,113258.09519786322,Temperature
20251006,G094,24,Control,92128.39096330518,Temperature
20251006,G094,25,Control,178871.59299690017,Temperature
20251006,G094,26,Control,144159.3319406466,Temperature
20251006,G094,27,Control,115823.79551849428,Temperature
20251006,G094,28,Control,160625.90529667854,Temperature
20251006,G094,29,Control,135237.0354482269,Temperature
20251006,G094,30,Control,103963.09837851005,Temperature
20251006,G094,31,Control,129162.13463066852,Temperature
20251006,G094,32,Control,160569.37848916504,Temperature
20251006,G094,33,Control,88727.04720958309,Temperature
20251006,G094,34,Control,119716.49092719675,Temperature
20251006,G094,35,Control,131633.36248123366,Temperature
20251006,G094,36,Control,106923.22983823396,Temperature
20251006,G095,1,Control,182898.12160678487,Temperature
20251006,G095,2,Control,103839.95792213298,Temperature
20251006,G095,3,Control,136032.9873987354,Temperature
20251006,G095,4,Control,63934.9162845273,Temperature
20251006,G095,5,Control,94872.90064374245,Temperature
20251006,G095,6,Control,85693.5288265024,Temperature
20251006,G095,7,Control,128140.04572693711,Temperature
20251006,G095,8,Control,96700.97689912394,Temperature
20251006,G095,9,Control,195209.29819235104,Temperature
20251006,G095,10,Control,176326.97032154322,Temperature
20251006,G095,11,Control,240118.99513467227,Temperature
20251006,G095,12,Control,90091.71221272358,Temperature
20251006,G095,13,Control,132648.4619926775,Temperature
20251006,G095,14,Control,23396.7281273788,Temperature
20251006,G095,15,Control,64605.73238021005,Temperature
20251006,G095,16,Control,101564.9883639876,Temperature
20251006,G095,17,Control,90233.15504503442,Temperature
20251006,G095,18,Control,117126.8851954259,Temperature
20251006,G095,19,Control,107018.34071414136,Temperature
20251006,G095,20,Control,97600.61952111899,Temperature
20251006,G095,21,Control,30066.600484623876,Temperature
20251006,G095,22,Control,84220.04183458687,Temperature
20251006,G095,23,Control,46523.32221429593,Temperature
20251006,G095,24,Control,43141.00946338293,Temperature
20251006,G095,25,Control,130442.22582709836,Temperature
20251006,G095,26,Control,163812.12491739393,Temperature
20251006,G095,27,Control,111785.90894758848,Temperature
20251006,G095,28,Control,66086.3555128347,Temperature
20251006,G095,29,Control,66451.05908155243,Temperature
20251006,G095,30,Control,80577.46486288615,Temperature
20251006,G095,31,Control,60647.657727369064,Temperature
20251006,G095,33,Control,93020.36909107487,Temperature
20251006,G095,34,Control,203430.76536896633,Temperature
20251006,G095,35,Control,84988.31698708651,Temperature
20251006,G095,36,Control,114049.56217550424,Temperature
20251006,G095,38,Control,121873.2239818061,Temperature
20251006,G095,39,Control,140244.6455177824,Temperature
20251006,G095,40,Control,102731.19824260965,Temperature
20251006,G095,41,Control,170961.92604845736,Temperature
20251006,G095,42,Control,79771.01231726274,Temperature
20251006,G095,43,Control,146148.62334329594,Temperature
20251006,G095,44,Control,95286.22587292899,Temperature
20251006,G095,45,Control,124052.39611400211,Temperature
20251006,G095,46,Control,131798.89675515715,Temperature
20251006,G095,47,Control,50072.37605250746,Temperature
20251006,G095,48,Control,155769.97849202433,Temperature
20251006,G095,49,Control,197535.58957392076,Temperature
20251006,G095,50,Control,176325.3301844157,Temperature
20251006,G095,51,Control,99658.12015214398,Temperature
20251006,G095,52,Control,40010.233196249435,Temperature
20251006,G095,53,Control,253245.8699018772,Temperature
20251006,G095,54,Control,105863.55349858507,Temperature
20251006,G096,1,Control,65557.69367756604,Temperature
20251006,G096,2,Control,78394.68869389642,Temperature
20251006,G096,3,Control,19848.537870177148,Temperature
20251006,G096,4,Control,91748.37554925964,Temperature
20251006,G096,5,Control,60416.45229989899,Temperature
20251006,G096,6,Control,76548.22442382282,Temperature
20251006,G096,7,Control,76950.68501159041,Temperature
20251006,G096,8,Control,95772.47265199432,Temperature
20251006,G096,9,Control,64387.943366561994,Temperature
20251006,G096,10,Control,81699.40512194883,Temperature
20251006,G096,11,Control,108280.45817830233,Temperature
20251006,G096,12,Control,77472.75658584239,Temperature
20251006,G096,13,Control,70457.55540189407,Temperature
20251006,G096,14,Control,82035.54840708479,Temperature
20251006,G096,15,Control,120406.87072579004,Temperature
20251006,G096,16,Control,93097.4121037605,Temperature
20251006,G096,17,Control,66007.37430300907,Temperature
20251006,G096,18,Control,93439.75448769635,Temperature
20251006,G096,19,Control,42435.40857189566,Temperature
20251006,G096,20,Control,63722.28731867038,Temperature
20251006,G096,21,Control,79692.85737512649,Temperature
20251006,G096,22,Control,116216.80977072117,Temperature
20251006,G096,23,Control,65627.88136764755,Temperature
20251006,G096,24,Control,50711.11825376295,Temperature
20251006,G096,25,Control,96653.54563593664,Temperature
20251006,G096,26,Control,50173.982392319056,Temperature
20251006,G096,27,Control,54581.92763340844,Temperature
20251006,G096,28,Control,98054.0135797255,Temperature
20251006,G096,29,Control,102351.01208735409,Temperature
20251006,G096,30,Control,100325.26874083784,Temperature
20251006,G096,31,Control,34238.92300432706,Temperature
20251006,G096,32,Control,40858.87120841616,Temperature
20251006,G096,33,Control,43742.628765945905,Temperature
20251006,G096,34,Control,65458.80865282025,Temperature
20251006,G096,35,Control,91060.57152903521,Temperature
20251006,G096,36,Control,60538.492132690204,Temperature
20251006,G096,37,Control,37108.62345535442,Temperature
20251006,G096,38,Control,87407.9634733293,Temperature
20251006,G096,39,Control,75867.64888823114,Temperature
20251006,G096,40,Control,57352.2241041107,Temperature
20251006,G096,41,Control,76363.12786586882,Temperature
20251006,G096,42,Control,73553.33418402508,Temperature
20251006,G096,43,Control,64508.75790192979,Temperature
20251006,G096,44,Control,87784.02373350403,Temperature
20251006,G096,45,Control,36220.18637351561,Temperature
20251006,G096,46,Control,81836.98492669822,Temperature
20251006,G096,47,Control,124451.20606178947,Temperature
20251006,G096,48,Control,75937.79524080985,Temperature
20251006,G096,49,Control,120241.46186442615,Temperature
20251006,G096,50,Control,104719.3795650939,Temperature
20251006,G096,51,Control,96643.4805145904,Temperature
20251006,G097,1,Control,130891.71978409051,Temperature
20251006,G097,2,Control,118091.38289490844,Temperature
20251006,G097,3,Control,128487.86548516784,Temperature
20251006,G097,4,Control,105694.45469767974,Temperature
20251006,G097,5,Control,177502.60258011168,Temperature
20251006,G097,6,Control,162040.32780855108,Temperature
20251006,G097,7,Control,102772.87893987745,Temperature
20251006,G097,8,Control,195794.23688822138,Temperature
20251006,G097,9,Control,169163.64553164606,Temperature
20251006,G097,10,Control,173528.29568832263,Temperature
20251006,G097,11,Control,149009.16662825947,Temperature
20251006,G097,12,Control,133234.2051152859,Temperature
20251006,G097,13,Control,43373.36425421886,Temperature
20251006,G097,14,Control,131779.28020373706,Temperature
20251006,G097,15,Control,111608.4471590607,Temperature
20251006,G097,16,Control,106590.72311284598,Temperature
20251006,G097,17,Control,59852.91138657541,Temperature
20251006,G097,18,Control,146725.72124067563,Temperature
20251006,G097,19,Control,154623.44756291542,Temperature
20251006,G097,20,Control,94362.84077776194,Temperature
20251006,G097,21,Control,109796.6343425131,Temperature
20251006,G097,22,Control,165217.9836279164,Temperature
20251006,G097,23,Control,119354.90414522582,Temperature
20251006,G097,24,Control,74212.31158776004,Temperature
20251006,G097,25,Control,82428.0619635977,Temperature
20251006,G097,26,Control,43811.59349260714,Temperature
20251006,G097,27,Control,119498.90389505628,Temperature
20251006,G097,28,Control,135167.05382201323,Temperature
20251006,G097,29,Control,116568.1150643294,Temperature
20251006,G097,30,Control,126659.16133155483,Temperature
20251006,G097,31,Control,167294.55211207,Temperature
20251006,G097,32,Control,97971.07223750904,Temperature
20251006,G097,33,Control,127906.29706317303,Temperature
20251006,G097,34,Control,153288.90998302275,Temperature
20251006,G097,35,Control,81551.40188383941,Temperature
20251006,G097,36,Control,109281.51647893587,Temperature
20251006,G097,37,Control,74361.96812619481,Temperature
20251006,G097,38,Control,140424.15595132692,Temperature
20251006,G097,39,Control,100225.9399926568,Temperature
20251006,G097,40,Control,65619.43948420661,Temperature
20251006,G097,41,Control,87714.93100854366,Temperature
20251006,G097,42,Control,105609.53012829342,Temperature
20251006,G097,43,Control,180744.92380481918,Temperature
20251006,G098,1,Treated,127271.30071938717,Temperature
20251006,G098,2,Treated,198708.17380804574,Temperature
20251006,G098,3,Treated,92698.581961992,Temperature
20251006,G098,4,Treated,77298.86448848285,Temperature
20251006,G098,5,Treated,220767.17340691152,Temperature
20251006,G098,6,Treated,95898.53050474063,Temperature
20251006,G098,7,Treated,111017.3546560147,Temperature
20251006,G098,8,Treated,172121.79135753095,Temperature
20251006,G098,9,Treated,76800.9764849741,Temperature
20251006,G098,10,Treated,23030.84609593992,Temperature
20251006,G098,11,Treated,146671.8598407825,Temperature
20251006,G098,12,Treated,125844.91829623876,Temperature
20251006,G098,13,Treated,127238.06995877363,Temperature
20251006,G098,14,Treated,96205.94093005812,Temperature
20251006,G098,15,Treated,140950.25636086205,Temperature
20251006,G098,16,Treated,86308.79616182123,Temperature
20251006,G098,17,Treated,117283.29281492843,Temperature
20251006,G098,18,Treated,68023.86840038835,Temperature
20251006,G098,19,Treated,82448.64868151733,Temperature
20251006,G098,20,Treated,101967.90080800898,Temperature
20251006,G098,21,Treated,60981.330412342926,Temperature
20251006,G098,22,Treated,88914.97871783964,Temperature
20251006,G098,23,Treated,64832.11163338579,Temperature
20251006,G098,24,Treated,113550.78876526807,Temperature
20251006,G098,25,Treated,50087.14107798396,Temperature
20251006,G098,26,Treated,56558.43874484769,Temperature
20251006,G098,27,Treated,79107.19794963876,Temperature
20251006,G098,28,Treated,73484.97231367395,Temperature
20251006,G098,29,Treated,37059.70413445541,Temperature
20251006,G098,30,Treated,31983.363814728345,Temperature
20251006,G098,31,Treated,89012.84625212454,Temperature
20251006,G098,32,Treated,72545.472748523,Temperature
20251006,G098,33,Treated,85115.44371006235,Temperature
20251006,G098,34,Treated,22293.571062946306,Temperature
20251006,G098,35,Treated,154709.12225899415,Temperature
20251006,G098,36,Treated,43949.39311322702,Temperature
20251006,G098,37,Treated,67276.25841379336,Temperature
20251006,G098,38,Treated,167980.82193490374,Temperature
20251006,G098,39,Treated,131833.3971921109,Temperature
20251006,G098,40,Treated,54878.9142411633,Temperature
20251006,G098,41,Treated,74145.42166680154,Temperature
20251006,G098,42,Treated,88106.96688222319,Temperature
20251006,G098,43,Treated,53272.11086408364,Temperature
20251006,G098,44,Treated,62197.74262658236,Temperature
20251006,G098,45,Treated,45491.22911501005,Temperature
20251006,G098,46,Treated,77297.66291620361,Temperature
20251006,G098,47,Treated,64818.58758073208,Temperature
20251006,G098,48,Treated,120432.82601943587,Temperature
20251006,G098,49,Treated,54534.51405358524,Temperature
20251006,G099,1,Treated,87714.3459163044,Temperature
20251006,G099,3,Treated,109356.39618714279,Temperature
20251006,G099,4,Treated,97959.0564678437,Temperature
20251006,G099,5,Treated,115423.24888223973,Temperature
20251006,G099,6,Treated,27902.310570901063,Temperature
20251006,G099,7,Treated,107504.63186042824,Temperature
20251006,G099,8,Treated,30740.91582155187,Temperature
20251006,G099,9,Treated,83030.26119954638,Temperature
20251006,G099,10,Treated,78063.59326111367,Temperature
20251006,G099,11,Treated,126324.3524546845,Temperature
20251006,G099,12,Treated,104767.8676382866,Temperature
20251006,G099,13,Treated,158437.15243651773,Temperature
20251006,G099,14,Treated,180817.65922197048,Temperature
20251006,G099,15,Treated,76528.43175091875,Temperature
20251006,G099,16,Treated,97321.10369497308,Temperature
20251006,G099,17,Treated,112386.63106867409,Temperature
20251006,G099,18,Treated,83226.75096287203,Temperature
20251006,G099,19,Treated,34646.87247415797,Temperature
20251006,G099,20,Treated,176460.1615264353,Temperature
20251006,G099,21,Treated,123391.81817628974,Temperature
20251006,G099,22,Treated,90176.30687935783,Temperature
20251006,G099,23,Treated,47430.74201176761,Temperature
20251006,G099,24,Treated,113714.98867703632,Temperature
20251006,G099,25,Treated,122855.96730315725,Temperature
20251006,G099,26,Treated,62314.79964592365,Temperature
20251006,G099,27,Treated,75137.34589236793,Temperature
20251006,G099,28,Treated,48628.19438691247,Temperature
20251006,G099,29,Treated,228137.5099755974,Temperature
20251006,G099,30,Treated,182948.32334457838,Temperature
20251006,G099,31,Treated,134826.7891805326,Temperature
20251006,G099,32,Treated,118752.85471892446,Temperature
20251006,G099,33,Treated,67892.41622488311,Temperature
20251006,G099,34,Treated,62516.085762319344,Temperature
20251006,G099,35,Treated,108059.66123024373,Temperature
20251006,G099,36,Treated,54332.04815751884,Temperature
20251006,G099,37,Treated,61114.00649238821,Temperature
20251006,G099,38,Treated,65919.46625589859,Temperature
20251006,G099,39,Treated,170126.31103317114,Temperature
20251006,G099,40,Treated,174484.4003637304,Temperature
20251006,G099,41,Treated,216920.87882784635,Temperature
20251006,G099,42,Treated,118186.5991536816,Temperature
20251006,G099,43,Treated,161724.45563949278,Temperature
20251006,G100,44,Treated,207769.8382709954,Temperature
20251006,G100,1,Treated,110579.23219154392,Temperature
20251006,G100,2,Treated,70532.14429643404,Temperature
20251006,G100,3,Treated,90940.51117717828,Temperature
20251006,G100,4,Treated,53983.716794810265,Temperature
20251006,G100,5,Treated,46867.91946928319,Temperature
20251006,G100,6,Treated,63526.538796224166,Temperature
20251006,G100,7,Treated,136472.13477609662,Temperature
20251006,G100,8,Treated,113095.30533663028,Temperature
20251006,G100,9,Treated,100639.95895593404,Temperature
20251006,G100,10,Treated,111292.02362573468,Temperature
20251006,G100,11,Treated,68122.690758099,Temperature
20251006,G100,12,Treated,93407.64479374248,Temperature
20251006,G100,13,Treated,33551.54189678923,Temperature
20251006,G100,14,Treated,175786.4321293524,Temperature
20251006,G100,15,Treated,43983.43824451786,Temperature
20251006,G100,16,Treated,93726.38779483589,Temperature
20251006,G100,17,Treated,74588.48148268659,Temperature
20251006,G100,18,Treated,133047.44131090943,Temperature
20251006,G100,19,Treated,71027.81849000389,Temperature
20251006,G100,20,Treated,86311.07333718977,Temperature
20251006,G100,21,Treated,101303.60514824525,Temperature
20251006,G100,22,Treated,77836.65877682288,Temperature
20251006,G100,23,Treated,69262.66454621166,Temperature
20251006,G100,24,Treated,70694.59241153447,Temperature
20251006,G100,25,Treated,95242.67755091528,Temperature
20251006,G100,26,Treated,150249.1578659333,Temperature
20251006,G100,27,Treated,72321.7566114592,Temperature
20251006,G100,28,Treated,123104.41510612401,Temperature
20251006,G100,29,Treated,43600.70709078419,Temperature
20251006,G100,30,Treated,94400.72167987804,Temperature
20251006,G100,31,Treated,105198.99258824639,Temperature
20251006,G100,32,Treated,43711.408869565064,Temperature
20251006,G100,33,Treated,98991.60972794588,Temperature
20251006,G100,34,Treated,76673.44539808345,Temperature
20251006,G100,35,Treated,186398.77529052587,Temperature
20251006,G100,36,Treated,77162.59977921992,Temperature
20251006,G100,37,Treated,157154.29472253213,Temperature
20251006,G100,38,Treated,150267.4310237331,Temperature
20251006,G100,39,Treated,109721.07913572776,Temperature
20251006,G100,40,Treated,138059.0605895236,Temperature
20251006,G100,41,Treated,92522.86168477812,Temperature
20251006,G100,42,Treated,169333.7144602997,Temperature
20260531,G095,1,Control,79059.3666354085,Temperature
20260531,G095,2,Control,99510.34315531384,Temperature
20260531,G095,3,Control,109075.10410911,Temperature
20260531,G095,4,Control,118879.38215536512,Temperature
20260531,G095,5,Control,114091.25997601482,Temperature
20260531,G095,6,Control,99087.27815019255,Temperature
20260531,G095,7,Control,90774.17028430395,Temperature
20260531,G095,8,Control,166121.12104516465,Temperature
20260531,G095,9,Control,84118.64594378819,Temperature
20260531,G095,10,Control,23281.900864099112,Temperature
20260531,G095,11,Control,21686.74731909399,Temperature
20260531,G095,12,Control,98249.50824083066,Temperature
20260531,G095,13,Control,58045.72255321541,Temperature
20260531,G095,14,Control,26883.804993291258,Temperature
20260531,G095,15,Control,38752.26140454473,Temperature
20260531,G095,16,Control,153386.9848799082,Temperature
20260531,G095,17,Control,81401.55208986276,Temperature
20260531,G095,18,Control,55737.886098778676,Temperature
20260531,G095,19,Control,128097.387704317,Temperature
20260531,G095,20,Control,36926.719466188675,Temperature
20260531,G095,21,Control,37670.72760629963,Temperature
20260531,G095,22,Control,70089.1172678975,Temperature
20260531,G095,23,Control,23863.53516704281,Temperature
20260531,G095,24,Control,106508.85035063098,Temperature
20260531,G095,25,Control,119308.07119472367,Temperature
20260531,G095,26,Control,24685.899822834523,Temperature
20260531,G095,27,Control,47346.22355322526,Temperature
20260531,G095,28,Control,49540.12037692238,Temperature
20260531,G095,29,Control,12855.694742772015,Temperature
20260531,G095,30,Control,61636.0621825524,Temperature
20260531,G095,31,Control,88860.0223721371,Temperature
20260531,G095,32,Control,55357.14501363264,Temperature
20260531,G095,33,Control,89784.29887772124,Temperature
20260531,G095,34,Control,129536.92294273312,Temperature
20260531,G095,35,Control,88384.70879445566,Temperature
20260531,G095,36,Control,70141.02576903797,Temperature
20260531,G095,37,Control,109697.31225883379,Temperature
20260531,G095,38,Control,22200.247635090782,Temperature
20260531,G095,39,Control,22107.408062485316,Temperature
20260531,G095,40,Control,88802.3038501814,Temperature
20260531,G095,41,Control,41224.11677765164,Temperature
20260531,G095,42,Control,115891.39348813778,Temperature
20260531,G095,43,Control,99972.45390273067,Temperature
20260531,G095,44,Control,118069.59936890718,Temperature
20260531,G095,45,Control,101947.12085948625,Temperature
20260531,G095,46,Control,129002.98197224234,Temperature
20260531,G095,47,Control,115906.66095663785,Temperature
20260531,G095,48,Control,202324.6730418796,Temperature
20260531,G095,49,Control,95169.44081335372,Temperature
20260531,G095,50,Control,102320.57284927733,Temperature
20260531,G096,1,Control,48333.491392390686,Temperature
20260531,G096,2,Control,69553.4999914902,Temperature
20260531,G096,3,Control,41726.134219685315,Temperature
20260531,G096,4,Control,27991.92814272605,Temperature
20260531,G096,5,Control,65269.437428254256,Temperature
20260531,G096,6,Control,35615.97956129823,Temperature
20260531,G096,7,Control,44136.43587288667,Temperature
20260531,G096,8,Control,47465.79692195241,Temperature
20260531,G096,9,Control,71943.05775820764,Temperature
20260531,G096,10,Control,19018.402254609744,Temperature
20260531,G096,11,Control,92201.60395319265,Temperature
20260531,G096,12,Control,44823.7660164539,Temperature
20260531,G096,13,Control,81392.30537270266,Temperature
20260531,G096,14,Control,98467.03839697532,Temperature
20260531,G096,15,Control,63318.42867171407,Temperature
20260531,G096,16,Control,93128.25231146603,Temperature
20260531,G096,17,Control,30750.926670546978,Temperature
20260531,G096,18,Control,63610.6575730531,Temperature
20260531,G096,19,Control,58279.784870527365,Temperature
20260531,G096,20,Control,60476.725298511534,Temperature
20260531,G096,21,Control,43567.80697686316,Temperature
20260531,G096,22,Control,52510.869257987535,Temperature
20260531,G096,23,Control,74451.0755202429,Temperature
20260531,G096,24,Control,46967.2668507355,Temperature
20260531,G096,25,Control,51204.94842562557,Temperature
20260531,G096,26,Control,35065.91774756963,Temperature
20260531,G096,27,Control,81372.61333098062,Temperature
20260531,G096,28,Control,53111.143629602666,Temperature
20260531,G096,29,Control,16720.348677906863,Temperature
20260531,G096,30,Control,36405.01705210186,Temperature
20260531,G096,31,Control,61716.636821375076,Temperature
20260531,G096,32,Control,58385.25759485076,Temperature
20260531,G096,33,Control,93587.64175284046,Temperature
20260531,G096,34,Control,59694.2221513158,Temperature
20260531,G096,35,Control,47926.55841964837,Temperature
20260531,G096,36,Control,69714.67777879079,Temperature
20260531,G096,37,Control,68159.43999499857,Temperature
20260531,G096,38,Control,67743.46386763787,Temperature
20260531,G096,39,Control,54951.82189486761,Temperature
20260531,G096,40,Control,93023.74884014433,Temperature
20260531,G096,41,Control,63648.96111244029,Temperature
20260531,G096,42,Control,51799.81253404975,Temperature
20260531,G096,43,Control,41371.33693755671,Temperature
20260531,G096,44,Control,12014.126046070205,Temperature
20260531,G096,45,Control,36950.67482008506,Temperature
20260531,G096,46,Control,32710.51399359929,Temperature
20260531,G096,47,Control,36952.11682893568,Temperature
20260531,G096,48,Control,78573.40736991816,Temperature
20260531,G096,49,Control,66200.86960996571,Temperature
20260531,G096,50,Control,62780.30930495674,Temperature
20260531,G096,51,Control,28211.625643392646,Temperature
20260531,G097,1,Control,13475.850351657871,Temperature
20260531,G097,2,Control,129318.05879941543,Temperature
20260531,G097,3,Control,131328.13438558028,Temperature
20260531,G097,4,Control,63074.01395708484,Temperature
20260531,G097,5,Control,99069.90970430255,Temperature
20260531,G097,6,Control,19343.928832324465,Temperature
20260531,G097,7,Control,61971.13097738057,Temperature
20260531,G097,8,Control,88701.28407789854,Temperature
20260531,G097,9,Control,75814.09952224014,Temperature
20260531,G097,10,Control,98307.19109754024,Temperature
20260531,G097,11,Control,102928.88988336691,Temperature
20260531,G097,12,Control,47725.03565214065,Temperature
20260531,G097,13,Control,25351.547529777916,Temperature
20260531,G097,14,Control,90267.94829704294,Temperature
20260531,G097,15,Control,71165.34132721473,Temperature
20260531,G097,16,Control,96808.59853562737,Temperature
20260531,G097,17,Control,162745.11310833585,Temperature
20260531,G097,18,Control,78672.42101327999,Temperature
20260531,G097,19,Control,73844.09494866182,Temperature
20260531,G097,20,Control,102340.59420604238,Temperature
20260531,G097,21,Control,60211.683178784064,Temperature
20260531,G097,22,Control,78418.17953794642,Temperature
20260531,G097,23,Control,120242.70384244523,Temperature
20260531,G097,24,Control,81149.83238158688,Temperature
20260531,G097,25,Control,64832.262684665,Temperature
20260531,G097,26,Control,129291.03052435232,Temperature
20260531,G097,27,Control,75944.39678213831,Temperature
20260531,G097,28,Control,50203.07723247907,Temperature
20260531,G097,29,Control,60168.716052518525,Temperature
20260531,G097,30,Control,70802.7203786414,Temperature
20260531,G097,31,Control,89542.21757963012,Temperature
20260531,G097,32,Control,55022.50327480205,Temperature
20260531,G097,33,Control,112840.60749926663,Temperature
20260531,G097,34,Control,79858.28855236835,Temperature
20260531,G097,35,Control,113236.29869634344,Temperature
20260531,G097,36,Control,110002.89861168734,Temperature
20260531,G097,37,Control,114472.15179594836,Temperature
20260531,G097,38,Control,96204.69584441325,Temperature
20260531,G097,39,Control,55172.744329839865,Temperature
20260531,G097,40,Control,100151.2199940515,Temperature
20260531,G097,41,Control,142636.61183478576,Temperature
20260531,G097,42,Control,157163.9108867683,Temperature
20260531,G098,1,Treated,29560.07916716108,Temperature
20260531,G098,2,Treated,81024.78179465019,Temperature
20260531,G098,3,Treated,14738.616754606272,Temperature
20260531,G098,4,Treated,50350.58140414899,Temperature
20260531,G098,5,Treated,52978.667361617285,Temperature
20260531,G098,6,Treated,67866.65527843687,Temperature
20260531,G098,7,Treated,95953.55807020165,Temperature
20260531,G098,8,Treated,17597.163628887414,Temperature
20260531,G098,9,Treated,19403.395374510754,Temperature
20260531,G098,10,Treated,28387.072633064174,Temperature
20260531,G098,11,Treated,53826.37452033285,Temperature
20260531,G098,12,Treated,71772.6146487697,Temperature
20260531,G098,13,Treated,71422.9412960283,Temperature
20260531,G098,14,Treated,31750.811068077823,Temperature
20260531,G098,15,Treated,40308.94020114364,Temperature
20260531,G098,16,Treated,42820.236723099995,Temperature
20260531,G098,17,Treated,34556.61893593437,Temperature
20260531,G098,18,Treated,35615.242462413546,Temperature
20260531,G098,19,Treated,35615.242462413546,Temperature
20260531,G098,20,Treated,42146.41031183765,Temperature
20260531,G098,21,Treated,91974.23788296926,Temperature
20260531,G098,22,Treated,91526.8701268218,Temperature
20260531,G098,23,Treated,24137.745738214177,Temperature
20260531,G098,24,Treated,85733.23311276168,Temperature
20260531,G098,25,Treated,50855.5638092513,Temperature
20260531,G098,26,Treated,45875.553823488306,Temperature
20260531,G098,27,Treated,48928.99206048807,Temperature
20260531,G098,28,Treated,81359.68088912441,Temperature
20260531,G098,29,Treated,45958.12752061168,Temperature
20260531,G098,30,Treated,85924.92509691112,Temperature
20260531,G098,31,Treated,70854.92564061367,Temperature
20260531,G098,32,Treated,15442.920605473731,Temperature
20260531,G098,33,Treated,21455.182798557547,Temperature
20260531,G098,34,Treated,37566.92618620331,Temperature
20260531,G098,35,Treated,20262.64721277804,Temperature
20260531,G098,36,Treated,34790.358927189205,Temperature
20260531,G098,37,Treated,53728.929567904575,Temperature
20260531,G098,38,Treated,56061.143539720324,Temperature
20260531,G098,39,Treated,67858.45576280488,Temperature
20260531,G098,40,Treated,83242.4134115737,Temperature
20260531,G098,41,Treated,103049.47078629817,Temperature
20260531,G098,42,Treated,72652.45251128382,Temperature
20260531,G098,43,Treated,62014.19573891552,Temperature
20260531,G098,44,Treated,82427.60770002347,Temperature
20260531,G098,45,Treated,74091.71378974762,Temperature
20260531,G098,46,Treated,16969.583971906493,Temperature
20260531,G098,47,Treated,42651.25248991404,Temperature
20260531,G098,48,Treated,46432.22182421558,Temperature
20260531,G098,49,Treated,99051.86482326381,Temperature
20260531,G099,1,Treated,22409.742103410503,Temperature
20260531,G099,2,Treated,58371.92006122539,Temperature
20260531,G099,3,Treated,116846.52823902993,Temperature
20260531,G099,4,Treated,46335.86583341578,Temperature
20260531,G099,5,Treated,53777.09560045513,Temperature
20260531,G099,6,Treated,18022.652277047655,Temperature
20260531,G099,7,Treated,112619.0038895504,Temperature
20260531,G099,8,Treated,80363.60323917744,Temperature
20260531,G099,9,Treated,77860.15555284981,Temperature
20260531,G099,10,Treated,42279.210700209485,Temperature
20260531,G099,11,Treated,52068.85759444898,Temperature
20260531,G099,12,Treated,31907.46467392316,Temperature
20260531,G099,13,Treated,36195.481239858564,Temperature
20260531,G099,14,Treated,69323.76278036361,Temperature
20260531,G099,15,Treated,106225.60484855932,Temperature
20260531,G099,16,Treated,89987.5504852163,Temperature
20260531,G099,17,Treated,59279.02874521889,Temperature
20260531,G099,18,Treated,65034.40515096365,Temperature
20260531,G099,19,Treated,42566.736034022826,Temperature
20260531,G099,20,Treated,93189.51744120017,Temperature
20260531,G099,21,Treated,43302.536191713305,Temperature
20260531,G099,22,Treated,87743.11267332746,Temperature
20260531,G099,23,Treated,119693.73068657568,Temperature
20260531,G099,24,Treated,69776.96459180849,Temperature
20260531,G099,25,Treated,85068.81216123674,Temperature
20260531,G099,26,Treated,80153.46699523025,Temperature
20260531,G099,27,Treated,71107.17621999988,Temperature
20260531,G099,28,Treated,57165.55140561509,Temperature
20260531,G099,29,Treated,28409.183697076605,Temperature
20260531,G099,30,Treated,59905.3058743427,Temperature
20260531,G099,31,Treated,32177.04554042069,Temperature
20260531,G099,32,Treated,78087.36823476326,Temperature
20260531,G099,33,Treated,152864.06397937337,Temperature
20260531,G099,34,Treated,60511.29182379303,Temperature
20260531,G099,35,Treated,112119.05133437281,Temperature
20260531,G099,36,Treated,106426.83782962052,Temperature
20260531,G099,37,Treated,149563.5417549204,Temperature
20260531,G099,38,Treated,73023.18847064377,Temperature
20260531,G099,39,Treated,50114.43288013977,Temperature
20260531,G099,40,Treated,125760.56097983575,Temperature
20260531,G099,41,Treated,103686.13347355046,Temperature
20260531,G099,42,Treated,92930.237206525,Temperature
20260531,G099,43,Treated,52195.97015924329,Temperature
